/* unicode_norm_data.cpp -- the Unicode normalisation tables, generated data.
 *
 * llama.cpp does not have these. Its `unicode_ranges_nfd` is a strip-accents table (A-grave to
 * A, dropping the mark) used by the WordPiece path, not a canonical decomposition, so NFC/NFD/
 * NFKC/NFKD had to come from somewhere else. They come from here.
 *
 * HOW THIS FILE IS MADE, so it can be remade. A ~100-line C++ generator runs against a system
 * libicu-uc -- these tables came from ICU 78.3; radiance itself links no ICU and never will:
 *
 *   - k_decomp_rows: for every codepoint that is not a Hangul syllable, ICU's NFD and NFKD of
 *     that single codepoint, kept when it differs from the codepoint. The stored sequences are
 *     FULLY expanded, so the runtime does one lookup rather than iterating to a fixed point.
 *     A row whose NFKD equals its NFD points both spans at the same pool offset.
 *   - k_compose: for every codepoint whose RAW (single-step) canonical decomposition is a pair,
 *     the pair, kept when ICU's NFC puts the pair back together. That last test is exactly the
 *     Composition_Exclusion + Full_Composition_Exclusion rule and needs no separate table.
 *     Deriving from the raw decomposition rather than the full one matters: U+1E14 composes from
 *     (U+0112, U+0300), neither of which appears in its full NFD.
 *   - k_ccc: canonical combining class, run-length coded. Class 0 is the default and absent.
 *   - Hangul is not in any table. UAX #15 gives it as arithmetic and the arithmetic is in
 *     unicode_norm.cpp, which is smaller and faster than 11172 rows.
 *
 * The cost of this choice, stated: the tables are pinned to the Unicode version ICU 78.3 carried
 * (Unicode 17). A tokenizer.json normalised against a later Unicode differs on codepoints
 * assigned after it. That is the same exposure every other engine has and it is bounded; the
 * alternative is linking ICU into an inference engine.
 */
#include "text/unicode_norm.h"

namespace rad {

/* Fully-expanded decomposition sequences, indexed by k_decomp_rows. */
const uint32_t k_decomp_pool[] = {
0x20,0x20,0x308,0x61,0x20,0x304,0x32,0x33,0x20,0x301,0x3BC,0x20,
0x327,0x31,0x6F,0x31,0x2044,0x34,0x31,0x2044,0x32,0x33,0x2044,0x34,
0x41,0x300,0x41,0x301,0x41,0x302,0x41,0x303,0x41,0x308,0x41,0x30A,
0x43,0x327,0x45,0x300,0x45,0x301,0x45,0x302,0x45,0x308,0x49,0x300,
0x49,0x301,0x49,0x302,0x49,0x308,0x4E,0x303,0x4F,0x300,0x4F,0x301,
0x4F,0x302,0x4F,0x303,0x4F,0x308,0x55,0x300,0x55,0x301,0x55,0x302,
0x55,0x308,0x59,0x301,0x61,0x300,0x61,0x301,0x61,0x302,0x61,0x303,
0x61,0x308,0x61,0x30A,0x63,0x327,0x65,0x300,0x65,0x301,0x65,0x302,
0x65,0x308,0x69,0x300,0x69,0x301,0x69,0x302,0x69,0x308,0x6E,0x303,
0x6F,0x300,0x6F,0x301,0x6F,0x302,0x6F,0x303,0x6F,0x308,0x75,0x300,
0x75,0x301,0x75,0x302,0x75,0x308,0x79,0x301,0x79,0x308,0x41,0x304,
0x61,0x304,0x41,0x306,0x61,0x306,0x41,0x328,0x61,0x328,0x43,0x301,
0x63,0x301,0x43,0x302,0x63,0x302,0x43,0x307,0x63,0x307,0x43,0x30C,
0x63,0x30C,0x44,0x30C,0x64,0x30C,0x45,0x304,0x65,0x304,0x45,0x306,
0x65,0x306,0x45,0x307,0x65,0x307,0x45,0x328,0x65,0x328,0x45,0x30C,
0x65,0x30C,0x47,0x302,0x67,0x302,0x47,0x306,0x67,0x306,0x47,0x307,
0x67,0x307,0x47,0x327,0x67,0x327,0x48,0x302,0x68,0x302,0x49,0x303,
0x69,0x303,0x49,0x304,0x69,0x304,0x49,0x306,0x69,0x306,0x49,0x328,
0x69,0x328,0x49,0x307,0x49,0x4A,0x69,0x6A,0x4A,0x302,0x6A,0x302,
0x4B,0x327,0x6B,0x327,0x4C,0x301,0x6C,0x301,0x4C,0x327,0x6C,0x327,
0x4C,0x30C,0x6C,0x30C,0x4C,0xB7,0x6C,0xB7,0x4E,0x301,0x6E,0x301,
0x4E,0x327,0x6E,0x327,0x4E,0x30C,0x6E,0x30C,0x2BC,0x6E,0x4F,0x304,
0x6F,0x304,0x4F,0x306,0x6F,0x306,0x4F,0x30B,0x6F,0x30B,0x52,0x301,
0x72,0x301,0x52,0x327,0x72,0x327,0x52,0x30C,0x72,0x30C,0x53,0x301,
0x73,0x301,0x53,0x302,0x73,0x302,0x53,0x327,0x73,0x327,0x53,0x30C,
0x73,0x30C,0x54,0x327,0x74,0x327,0x54,0x30C,0x74,0x30C,0x55,0x303,
0x75,0x303,0x55,0x304,0x75,0x304,0x55,0x306,0x75,0x306,0x55,0x30A,
0x75,0x30A,0x55,0x30B,0x75,0x30B,0x55,0x328,0x75,0x328,0x57,0x302,
0x77,0x302,0x59,0x302,0x79,0x302,0x59,0x308,0x5A,0x301,0x7A,0x301,
0x5A,0x307,0x7A,0x307,0x5A,0x30C,0x7A,0x30C,0x73,0x4F,0x31B,0x6F,
0x31B,0x55,0x31B,0x75,0x31B,0x44,0x5A,0x30C,0x44,0x7A,0x30C,0x64,
0x7A,0x30C,0x4C,0x4A,0x4C,0x6A,0x6C,0x6A,0x4E,0x4A,0x4E,0x6A,
0x6E,0x6A,0x41,0x30C,0x61,0x30C,0x49,0x30C,0x69,0x30C,0x4F,0x30C,
0x6F,0x30C,0x55,0x30C,0x75,0x30C,0x55,0x308,0x304,0x75,0x308,0x304,
0x55,0x308,0x301,0x75,0x308,0x301,0x55,0x308,0x30C,0x75,0x308,0x30C,
0x55,0x308,0x300,0x75,0x308,0x300,0x41,0x308,0x304,0x61,0x308,0x304,
0x41,0x307,0x304,0x61,0x307,0x304,0xC6,0x304,0xE6,0x304,0x47,0x30C,
0x67,0x30C,0x4B,0x30C,0x6B,0x30C,0x4F,0x328,0x6F,0x328,0x4F,0x328,
0x304,0x6F,0x328,0x304,0x1B7,0x30C,0x292,0x30C,0x6A,0x30C,0x44,0x5A,
0x44,0x7A,0x64,0x7A,0x47,0x301,0x67,0x301,0x4E,0x300,0x6E,0x300,
0x41,0x30A,0x301,0x61,0x30A,0x301,0xC6,0x301,0xE6,0x301,0xD8,0x301,
0xF8,0x301,0x41,0x30F,0x61,0x30F,0x41,0x311,0x61,0x311,0x45,0x30F,
0x65,0x30F,0x45,0x311,0x65,0x311,0x49,0x30F,0x69,0x30F,0x49,0x311,
0x69,0x311,0x4F,0x30F,0x6F,0x30F,0x4F,0x311,0x6F,0x311,0x52,0x30F,
0x72,0x30F,0x52,0x311,0x72,0x311,0x55,0x30F,0x75,0x30F,0x55,0x311,
0x75,0x311,0x53,0x326,0x73,0x326,0x54,0x326,0x74,0x326,0x48,0x30C,
0x68,0x30C,0x41,0x307,0x61,0x307,0x45,0x327,0x65,0x327,0x4F,0x308,
0x304,0x6F,0x308,0x304,0x4F,0x303,0x304,0x6F,0x303,0x304,0x4F,0x307,
0x6F,0x307,0x4F,0x307,0x304,0x6F,0x307,0x304,0x59,0x304,0x79,0x304,
0x68,0x266,0x6A,0x72,0x279,0x27B,0x281,0x77,0x79,0x20,0x306,0x20,
0x307,0x20,0x30A,0x20,0x328,0x20,0x303,0x20,0x30B,0x263,0x6C,0x73,
0x78,0x295,0x300,0x301,0x313,0x308,0x301,0x2B9,0x20,0x345,0x3B,0x20,
0x301,0xA8,0x301,0x20,0x308,0x301,0x391,0x301,0xB7,0x395,0x301,0x397,
0x301,0x399,0x301,0x39F,0x301,0x3A5,0x301,0x3A9,0x301,0x3B9,0x308,0x301,
0x399,0x308,0x3A5,0x308,0x3B1,0x301,0x3B5,0x301,0x3B7,0x301,0x3B9,0x301,
0x3C5,0x308,0x301,0x3B9,0x308,0x3C5,0x308,0x3BF,0x301,0x3C5,0x301,0x3C9,
0x301,0x3B2,0x3B8,0x3A5,0x3D2,0x301,0x3A5,0x301,0x3D2,0x308,0x3A5,0x308,
0x3C6,0x3C0,0x3BA,0x3C1,0x3C2,0x398,0x3B5,0x3A3,0x415,0x300,0x415,0x308,
0x413,0x301,0x406,0x308,0x41A,0x301,0x418,0x300,0x423,0x306,0x418,0x306,
0x438,0x306,0x435,0x300,0x435,0x308,0x433,0x301,0x456,0x308,0x43A,0x301,
0x438,0x300,0x443,0x306,0x474,0x30F,0x475,0x30F,0x416,0x306,0x436,0x306,
0x410,0x306,0x430,0x306,0x410,0x308,0x430,0x308,0x415,0x306,0x435,0x306,
0x4D8,0x308,0x4D9,0x308,0x416,0x308,0x436,0x308,0x417,0x308,0x437,0x308,
0x418,0x304,0x438,0x304,0x418,0x308,0x438,0x308,0x41E,0x308,0x43E,0x308,
0x4E8,0x308,0x4E9,0x308,0x42D,0x308,0x44D,0x308,0x423,0x304,0x443,0x304,
0x423,0x308,0x443,0x308,0x423,0x30B,0x443,0x30B,0x427,0x308,0x447,0x308,
0x42B,0x308,0x44B,0x308,0x565,0x582,0x627,0x653,0x627,0x654,0x648,0x654,
0x627,0x655,0x64A,0x654,0x627,0x674,0x648,0x674,0x6C7,0x674,0x64A,0x674,
0x6D5,0x654,0x6C1,0x654,0x6D2,0x654,0x928,0x93C,0x930,0x93C,0x933,0x93C,
0x915,0x93C,0x916,0x93C,0x917,0x93C,0x91C,0x93C,0x921,0x93C,0x922,0x93C,
0x92B,0x93C,0x92F,0x93C,0x9C7,0x9BE,0x9C7,0x9D7,0x9A1,0x9BC,0x9A2,0x9BC,
0x9AF,0x9BC,0xA32,0xA3C,0xA38,0xA3C,0xA16,0xA3C,0xA17,0xA3C,0xA1C,0xA3C,
0xA2B,0xA3C,0xB47,0xB56,0xB47,0xB3E,0xB47,0xB57,0xB21,0xB3C,0xB22,0xB3C,
0xB92,0xBD7,0xBC6,0xBBE,0xBC7,0xBBE,0xBC6,0xBD7,0xC46,0xC56,0xCBF,0xCD5,
0xCC6,0xCD5,0xCC6,0xCD6,0xCC6,0xCC2,0xCC6,0xCC2,0xCD5,0xD46,0xD3E,0xD47,
0xD3E,0xD46,0xD57,0xDD9,0xDCA,0xDD9,0xDCF,0xDD9,0xDCF,0xDCA,0xDD9,0xDDF,
0xE4D,0xE32,0xECD,0xEB2,0xEAB,0xE99,0xEAB,0xEA1,0xF0B,0xF42,0xFB7,0xF4C,
0xFB7,0xF51,0xFB7,0xF56,0xFB7,0xF5B,0xFB7,0xF40,0xFB5,0xF71,0xF72,0xF71,
0xF74,0xFB2,0xF80,0xFB2,0xF71,0xF80,0xFB3,0xF80,0xFB3,0xF71,0xF80,0xF71,
0xF80,0xF92,0xFB7,0xF9C,0xFB7,0xFA1,0xFB7,0xFA6,0xFB7,0xFAB,0xFB7,0xF90,
0xFB5,0x1025,0x102E,0x10DC,0x1B05,0x1B35,0x1B07,0x1B35,0x1B09,0x1B35,0x1B0B,0x1B35,
0x1B0D,0x1B35,0x1B11,0x1B35,0x1B3A,0x1B35,0x1B3C,0x1B35,0x1B3E,0x1B35,0x1B3F,0x1B35,
0x1B42,0x1B35,0x41,0xC6,0x42,0x44,0x45,0x18E,0x47,0x48,0x49,0x4A,
0x4B,0x4C,0x4D,0x4E,0x4F,0x222,0x50,0x52,0x54,0x55,0x57,0x61,
0x250,0x251,0x1D02,0x62,0x64,0x65,0x259,0x25B,0x25C,0x67,0x6B,0x6D,
0x14B,0x6F,0x254,0x1D16,0x1D17,0x70,0x74,0x75,0x1D1D,0x26F,0x76,0x1D25,
0x3B2,0x3B3,0x3B4,0x3C6,0x3C7,0x69,0x72,0x75,0x76,0x3B2,0x3B3,0x3C1,
0x3C6,0x3C7,0x43D,0x252,0x63,0x255,0xF0,0x25C,0x66,0x25F,0x261,0x265,
0x268,0x269,0x26A,0x1D7B,0x29D,0x26D,0x1D85,0x29F,0x271,0x270,0x272,0x273,
0x274,0x275,0x278,0x282,0x283,0x1AB,0x289,0x28A,0x1D1C,0x28B,0x28C,0x7A,
0x290,0x291,0x292,0x3B8,0x41,0x325,0x61,0x325,0x42,0x307,0x62,0x307,
0x42,0x323,0x62,0x323,0x42,0x331,0x62,0x331,0x43,0x327,0x301,0x63,
0x327,0x301,0x44,0x307,0x64,0x307,0x44,0x323,0x64,0x323,0x44,0x331,
0x64,0x331,0x44,0x327,0x64,0x327,0x44,0x32D,0x64,0x32D,0x45,0x304,
0x300,0x65,0x304,0x300,0x45,0x304,0x301,0x65,0x304,0x301,0x45,0x32D,
0x65,0x32D,0x45,0x330,0x65,0x330,0x45,0x327,0x306,0x65,0x327,0x306,
0x46,0x307,0x66,0x307,0x47,0x304,0x67,0x304,0x48,0x307,0x68,0x307,
0x48,0x323,0x68,0x323,0x48,0x308,0x68,0x308,0x48,0x327,0x68,0x327,
0x48,0x32E,0x68,0x32E,0x49,0x330,0x69,0x330,0x49,0x308,0x301,0x69,
0x308,0x301,0x4B,0x301,0x6B,0x301,0x4B,0x323,0x6B,0x323,0x4B,0x331,
0x6B,0x331,0x4C,0x323,0x6C,0x323,0x4C,0x323,0x304,0x6C,0x323,0x304,
0x4C,0x331,0x6C,0x331,0x4C,0x32D,0x6C,0x32D,0x4D,0x301,0x6D,0x301,
0x4D,0x307,0x6D,0x307,0x4D,0x323,0x6D,0x323,0x4E,0x307,0x6E,0x307,
0x4E,0x323,0x6E,0x323,0x4E,0x331,0x6E,0x331,0x4E,0x32D,0x6E,0x32D,
0x4F,0x303,0x301,0x6F,0x303,0x301,0x4F,0x303,0x308,0x6F,0x303,0x308,
0x4F,0x304,0x300,0x6F,0x304,0x300,0x4F,0x304,0x301,0x6F,0x304,0x301,
0x50,0x301,0x70,0x301,0x50,0x307,0x70,0x307,0x52,0x307,0x72,0x307,
0x52,0x323,0x72,0x323,0x52,0x323,0x304,0x72,0x323,0x304,0x52,0x331,
0x72,0x331,0x53,0x307,0x73,0x307,0x53,0x323,0x73,0x323,0x53,0x301,
0x307,0x73,0x301,0x307,0x53,0x30C,0x307,0x73,0x30C,0x307,0x53,0x323,
0x307,0x73,0x323,0x307,0x54,0x307,0x74,0x307,0x54,0x323,0x74,0x323,
0x54,0x331,0x74,0x331,0x54,0x32D,0x74,0x32D,0x55,0x324,0x75,0x324,
0x55,0x330,0x75,0x330,0x55,0x32D,0x75,0x32D,0x55,0x303,0x301,0x75,
0x303,0x301,0x55,0x304,0x308,0x75,0x304,0x308,0x56,0x303,0x76,0x303,
0x56,0x323,0x76,0x323,0x57,0x300,0x77,0x300,0x57,0x301,0x77,0x301,
0x57,0x308,0x77,0x308,0x57,0x307,0x77,0x307,0x57,0x323,0x77,0x323,
0x58,0x307,0x78,0x307,0x58,0x308,0x78,0x308,0x59,0x307,0x79,0x307,
0x5A,0x302,0x7A,0x302,0x5A,0x323,0x7A,0x323,0x5A,0x331,0x7A,0x331,
0x68,0x331,0x74,0x308,0x77,0x30A,0x79,0x30A,0x61,0x2BE,0x17F,0x307,
0x73,0x307,0x41,0x323,0x61,0x323,0x41,0x309,0x61,0x309,0x41,0x302,
0x301,0x61,0x302,0x301,0x41,0x302,0x300,0x61,0x302,0x300,0x41,0x302,
0x309,0x61,0x302,0x309,0x41,0x302,0x303,0x61,0x302,0x303,0x41,0x323,
0x302,0x61,0x323,0x302,0x41,0x306,0x301,0x61,0x306,0x301,0x41,0x306,
0x300,0x61,0x306,0x300,0x41,0x306,0x309,0x61,0x306,0x309,0x41,0x306,
0x303,0x61,0x306,0x303,0x41,0x323,0x306,0x61,0x323,0x306,0x45,0x323,
0x65,0x323,0x45,0x309,0x65,0x309,0x45,0x303,0x65,0x303,0x45,0x302,
0x301,0x65,0x302,0x301,0x45,0x302,0x300,0x65,0x302,0x300,0x45,0x302,
0x309,0x65,0x302,0x309,0x45,0x302,0x303,0x65,0x302,0x303,0x45,0x323,
0x302,0x65,0x323,0x302,0x49,0x309,0x69,0x309,0x49,0x323,0x69,0x323,
0x4F,0x323,0x6F,0x323,0x4F,0x309,0x6F,0x309,0x4F,0x302,0x301,0x6F,
0x302,0x301,0x4F,0x302,0x300,0x6F,0x302,0x300,0x4F,0x302,0x309,0x6F,
0x302,0x309,0x4F,0x302,0x303,0x6F,0x302,0x303,0x4F,0x323,0x302,0x6F,
0x323,0x302,0x4F,0x31B,0x301,0x6F,0x31B,0x301,0x4F,0x31B,0x300,0x6F,
0x31B,0x300,0x4F,0x31B,0x309,0x6F,0x31B,0x309,0x4F,0x31B,0x303,0x6F,
0x31B,0x303,0x4F,0x31B,0x323,0x6F,0x31B,0x323,0x55,0x323,0x75,0x323,
0x55,0x309,0x75,0x309,0x55,0x31B,0x301,0x75,0x31B,0x301,0x55,0x31B,
0x300,0x75,0x31B,0x300,0x55,0x31B,0x309,0x75,0x31B,0x309,0x55,0x31B,
0x303,0x75,0x31B,0x303,0x55,0x31B,0x323,0x75,0x31B,0x323,0x59,0x300,
0x79,0x300,0x59,0x323,0x79,0x323,0x59,0x309,0x79,0x309,0x59,0x303,
0x79,0x303,0x3B1,0x313,0x3B1,0x314,0x3B1,0x313,0x300,0x3B1,0x314,0x300,
0x3B1,0x313,0x301,0x3B1,0x314,0x301,0x3B1,0x313,0x342,0x3B1,0x314,0x342,
0x391,0x313,0x391,0x314,0x391,0x313,0x300,0x391,0x314,0x300,0x391,0x313,
0x301,0x391,0x314,0x301,0x391,0x313,0x342,0x391,0x314,0x342,0x3B5,0x313,
0x3B5,0x314,0x3B5,0x313,0x300,0x3B5,0x314,0x300,0x3B5,0x313,0x301,0x3B5,
0x314,0x301,0x395,0x313,0x395,0x314,0x395,0x313,0x300,0x395,0x314,0x300,
0x395,0x313,0x301,0x395,0x314,0x301,0x3B7,0x313,0x3B7,0x314,0x3B7,0x313,
0x300,0x3B7,0x314,0x300,0x3B7,0x313,0x301,0x3B7,0x314,0x301,0x3B7,0x313,
0x342,0x3B7,0x314,0x342,0x397,0x313,0x397,0x314,0x397,0x313,0x300,0x397,
0x314,0x300,0x397,0x313,0x301,0x397,0x314,0x301,0x397,0x313,0x342,0x397,
0x314,0x342,0x3B9,0x313,0x3B9,0x314,0x3B9,0x313,0x300,0x3B9,0x314,0x300,
0x3B9,0x313,0x301,0x3B9,0x314,0x301,0x3B9,0x313,0x342,0x3B9,0x314,0x342,
0x399,0x313,0x399,0x314,0x399,0x313,0x300,0x399,0x314,0x300,0x399,0x313,
0x301,0x399,0x314,0x301,0x399,0x313,0x342,0x399,0x314,0x342,0x3BF,0x313,
0x3BF,0x314,0x3BF,0x313,0x300,0x3BF,0x314,0x300,0x3BF,0x313,0x301,0x3BF,
0x314,0x301,0x39F,0x313,0x39F,0x314,0x39F,0x313,0x300,0x39F,0x314,0x300,
0x39F,0x313,0x301,0x39F,0x314,0x301,0x3C5,0x313,0x3C5,0x314,0x3C5,0x313,
0x300,0x3C5,0x314,0x300,0x3C5,0x313,0x301,0x3C5,0x314,0x301,0x3C5,0x313,
0x342,0x3C5,0x314,0x342,0x3A5,0x314,0x3A5,0x314,0x300,0x3A5,0x314,0x301,
0x3A5,0x314,0x342,0x3C9,0x313,0x3C9,0x314,0x3C9,0x313,0x300,0x3C9,0x314,
0x300,0x3C9,0x313,0x301,0x3C9,0x314,0x301,0x3C9,0x313,0x342,0x3C9,0x314,
0x342,0x3A9,0x313,0x3A9,0x314,0x3A9,0x313,0x300,0x3A9,0x314,0x300,0x3A9,
0x313,0x301,0x3A9,0x314,0x301,0x3A9,0x313,0x342,0x3A9,0x314,0x342,0x3B1,
0x300,0x3B1,0x301,0x3B5,0x300,0x3B5,0x301,0x3B7,0x300,0x3B7,0x301,0x3B9,
0x300,0x3B9,0x301,0x3BF,0x300,0x3BF,0x301,0x3C5,0x300,0x3C5,0x301,0x3C9,
0x300,0x3C9,0x301,0x3B1,0x313,0x345,0x3B1,0x314,0x345,0x3B1,0x313,0x300,
0x345,0x3B1,0x314,0x300,0x345,0x3B1,0x313,0x301,0x345,0x3B1,0x314,0x301,
0x345,0x3B1,0x313,0x342,0x345,0x3B1,0x314,0x342,0x345,0x391,0x313,0x345,
0x391,0x314,0x345,0x391,0x313,0x300,0x345,0x391,0x314,0x300,0x345,0x391,
0x313,0x301,0x345,0x391,0x314,0x301,0x345,0x391,0x313,0x342,0x345,0x391,
0x314,0x342,0x345,0x3B7,0x313,0x345,0x3B7,0x314,0x345,0x3B7,0x313,0x300,
0x345,0x3B7,0x314,0x300,0x345,0x3B7,0x313,0x301,0x345,0x3B7,0x314,0x301,
0x345,0x3B7,0x313,0x342,0x345,0x3B7,0x314,0x342,0x345,0x397,0x313,0x345,
0x397,0x314,0x345,0x397,0x313,0x300,0x345,0x397,0x314,0x300,0x345,0x397,
0x313,0x301,0x345,0x397,0x314,0x301,0x345,0x397,0x313,0x342,0x345,0x397,
0x314,0x342,0x345,0x3C9,0x313,0x345,0x3C9,0x314,0x345,0x3C9,0x313,0x300,
0x345,0x3C9,0x314,0x300,0x345,0x3C9,0x313,0x301,0x345,0x3C9,0x314,0x301,
0x345,0x3C9,0x313,0x342,0x345,0x3C9,0x314,0x342,0x345,0x3A9,0x313,0x345,
0x3A9,0x314,0x345,0x3A9,0x313,0x300,0x345,0x3A9,0x314,0x300,0x345,0x3A9,
0x313,0x301,0x345,0x3A9,0x314,0x301,0x345,0x3A9,0x313,0x342,0x345,0x3A9,
0x314,0x342,0x345,0x3B1,0x306,0x3B1,0x304,0x3B1,0x300,0x345,0x3B1,0x345,
0x3B1,0x301,0x345,0x3B1,0x342,0x3B1,0x342,0x345,0x391,0x306,0x391,0x304,
0x391,0x300,0x391,0x301,0x391,0x345,0x20,0x313,0x3B9,0x20,0x313,0x20,
0x342,0xA8,0x342,0x20,0x308,0x342,0x3B7,0x300,0x345,0x3B7,0x345,0x3B7,
0x301,0x345,0x3B7,0x342,0x3B7,0x342,0x345,0x395,0x300,0x395,0x301,0x397,
0x300,0x397,0x301,0x397,0x345,0x1FBF,0x300,0x20,0x313,0x300,0x1FBF,0x301,
0x20,0x313,0x301,0x1FBF,0x342,0x20,0x313,0x342,0x3B9,0x306,0x3B9,0x304,
0x3B9,0x308,0x300,0x3B9,0x308,0x301,0x3B9,0x342,0x3B9,0x308,0x342,0x399,
0x306,0x399,0x304,0x399,0x300,0x399,0x301,0x1FFE,0x300,0x20,0x314,0x300,
0x1FFE,0x301,0x20,0x314,0x301,0x1FFE,0x342,0x20,0x314,0x342,0x3C5,0x306,
0x3C5,0x304,0x3C5,0x308,0x300,0x3C5,0x308,0x301,0x3C1,0x313,0x3C1,0x314,
0x3C5,0x342,0x3C5,0x308,0x342,0x3A5,0x306,0x3A5,0x304,0x3A5,0x300,0x3A5,
0x301,0x3A1,0x314,0xA8,0x300,0x20,0x308,0x300,0xA8,0x301,0x20,0x308,
0x301,0x60,0x3C9,0x300,0x345,0x3C9,0x345,0x3C9,0x301,0x345,0x3C9,0x342,
0x3C9,0x342,0x345,0x39F,0x300,0x39F,0x301,0x3A9,0x300,0x3A9,0x301,0x3A9,
0x345,0xB4,0x20,0x301,0x20,0x314,0x2002,0x20,0x2003,0x20,0x20,0x20,
0x20,0x20,0x20,0x20,0x20,0x20,0x20,0x2010,0x20,0x333,0x2E,0x2E,
0x2E,0x2E,0x2E,0x2E,0x20,0x2032,0x2032,0x2032,0x2032,0x2032,0x2035,0x2035,
0x2035,0x2035,0x2035,0x21,0x21,0x20,0x305,0x3F,0x3F,0x3F,0x21,0x21,
0x3F,0x2032,0x2032,0x2032,0x2032,0x20,0x30,0x69,0x34,0x35,0x36,0x37,
0x38,0x39,0x2B,0x2212,0x3D,0x28,0x29,0x6E,0x30,0x31,0x32,0x33,
0x34,0x35,0x36,0x37,0x38,0x39,0x2B,0x2212,0x3D,0x28,0x29,0x61,
0x65,0x6F,0x78,0x259,0x68,0x6B,0x6C,0x6D,0x6E,0x70,0x73,0x74,
0x52,0x73,0x61,0x2F,0x63,0x61,0x2F,0x73,0x43,0xB0,0x43,0x63,
0x2F,0x6F,0x63,0x2F,0x75,0x190,0xB0,0x46,0x67,0x48,0x48,0x48,
0x68,0x127,0x49,0x49,0x4C,0x6C,0x4E,0x4E,0x6F,0x50,0x51,0x52,
0x52,0x52,0x53,0x4D,0x54,0x45,0x4C,0x54,0x4D,0x5A,0x3A9,0x5A,
0x4B,0x41,0x30A,0x42,0x43,0x65,0x45,0x46,0x4D,0x6F,0x5D0,0x5D1,
0x5D2,0x5D3,0x69,0x46,0x41,0x58,0x3C0,0x3B3,0x393,0x3A0,0x2211,0x44,
0x64,0x65,0x69,0x6A,0x31,0x2044,0x37,0x31,0x2044,0x39,0x31,0x2044,
0x31,0x30,0x31,0x2044,0x33,0x32,0x2044,0x33,0x31,0x2044,0x35,0x32,
0x2044,0x35,0x33,0x2044,0x35,0x34,0x2044,0x35,0x31,0x2044,0x36,0x35,
0x2044,0x36,0x31,0x2044,0x38,0x33,0x2044,0x38,0x35,0x2044,0x38,0x37,
0x2044,0x38,0x31,0x2044,0x49,0x49,0x49,0x49,0x49,0x49,0x49,0x56,
0x56,0x56,0x49,0x56,0x49,0x49,0x56,0x49,0x49,0x49,0x49,0x58,
0x58,0x58,0x49,0x58,0x49,0x49,0x4C,0x43,0x44,0x4D,0x69,0x69,
0x69,0x69,0x69,0x69,0x69,0x76,0x76,0x76,0x69,0x76,0x69,0x69,
0x76,0x69,0x69,0x69,0x69,0x78,0x78,0x78,0x69,0x78,0x69,0x69,
0x6C,0x63,0x64,0x6D,0x30,0x2044,0x33,0x2190,0x338,0x2192,0x338,0x2194,
0x338,0x21D0,0x338,0x21D4,0x338,0x21D2,0x338,0x2203,0x338,0x2208,0x338,0x220B,
0x338,0x2223,0x338,0x2225,0x338,0x222B,0x222B,0x222B,0x222B,0x222B,0x222E,0x222E,
0x222E,0x222E,0x222E,0x223C,0x338,0x2243,0x338,0x2245,0x338,0x2248,0x338,0x3D,
0x338,0x2261,0x338,0x224D,0x338,0x3C,0x338,0x3E,0x338,0x2264,0x338,0x2265,
0x338,0x2272,0x338,0x2273,0x338,0x2276,0x338,0x2277,0x338,0x227A,0x338,0x227B,
0x338,0x2282,0x338,0x2283,0x338,0x2286,0x338,0x2287,0x338,0x22A2,0x338,0x22A8,
0x338,0x22A9,0x338,0x22AB,0x338,0x227C,0x338,0x227D,0x338,0x2291,0x338,0x2292,
0x338,0x22B2,0x338,0x22B3,0x338,0x22B4,0x338,0x22B5,0x338,0x3008,0x3009,0x31,
0x32,0x33,0x34,0x35,0x36,0x37,0x38,0x39,0x31,0x30,0x31,0x31,
0x31,0x32,0x31,0x33,0x31,0x34,0x31,0x35,0x31,0x36,0x31,0x37,
0x31,0x38,0x31,0x39,0x32,0x30,0x28,0x31,0x29,0x28,0x32,0x29,
0x28,0x33,0x29,0x28,0x34,0x29,0x28,0x35,0x29,0x28,0x36,0x29,
0x28,0x37,0x29,0x28,0x38,0x29,0x28,0x39,0x29,0x28,0x31,0x30,
0x29,0x28,0x31,0x31,0x29,0x28,0x31,0x32,0x29,0x28,0x31,0x33,
0x29,0x28,0x31,0x34,0x29,0x28,0x31,0x35,0x29,0x28,0x31,0x36,
0x29,0x28,0x31,0x37,0x29,0x28,0x31,0x38,0x29,0x28,0x31,0x39,
0x29,0x28,0x32,0x30,0x29,0x31,0x2E,0x32,0x2E,0x33,0x2E,0x34,
0x2E,0x35,0x2E,0x36,0x2E,0x37,0x2E,0x38,0x2E,0x39,0x2E,0x31,
0x30,0x2E,0x31,0x31,0x2E,0x31,0x32,0x2E,0x31,0x33,0x2E,0x31,
0x34,0x2E,0x31,0x35,0x2E,0x31,0x36,0x2E,0x31,0x37,0x2E,0x31,
0x38,0x2E,0x31,0x39,0x2E,0x32,0x30,0x2E,0x28,0x61,0x29,0x28,
0x62,0x29,0x28,0x63,0x29,0x28,0x64,0x29,0x28,0x65,0x29,0x28,
0x66,0x29,0x28,0x67,0x29,0x28,0x68,0x29,0x28,0x69,0x29,0x28,
0x6A,0x29,0x28,0x6B,0x29,0x28,0x6C,0x29,0x28,0x6D,0x29,0x28,
0x6E,0x29,0x28,0x6F,0x29,0x28,0x70,0x29,0x28,0x71,0x29,0x28,
0x72,0x29,0x28,0x73,0x29,0x28,0x74,0x29,0x28,0x75,0x29,0x28,
0x76,0x29,0x28,0x77,0x29,0x28,0x78,0x29,0x28,0x79,0x29,0x28,
0x7A,0x29,0x41,0x42,0x43,0x44,0x45,0x46,0x47,0x48,0x49,0x4A,
0x4B,0x4C,0x4D,0x4E,0x4F,0x50,0x51,0x52,0x53,0x54,0x55,0x56,
0x57,0x58,0x59,0x5A,0x61,0x62,0x63,0x64,0x65,0x66,0x67,0x68,
0x69,0x6A,0x6B,0x6C,0x6D,0x6E,0x6F,0x70,0x71,0x72,0x73,0x74,
0x75,0x76,0x77,0x78,0x79,0x7A,0x30,0x222B,0x222B,0x222B,0x222B,0x3A,
0x3A,0x3D,0x3D,0x3D,0x3D,0x3D,0x3D,0x2ADD,0x338,0x6A,0x56,0x2D61,
0x6BCD,0x9F9F,0x4E00,0x4E28,0x4E36,0x4E3F,0x4E59,0x4E85,0x4E8C,0x4EA0,0x4EBA,0x513F,
0x5165,0x516B,0x5182,0x5196,0x51AB,0x51E0,0x51F5,0x5200,0x529B,0x52F9,0x5315,0x531A,
0x5338,0x5341,0x535C,0x5369,0x5382,0x53B6,0x53C8,0x53E3,0x56D7,0x571F,0x58EB,0x5902,
0x590A,0x5915,0x5927,0x5973,0x5B50,0x5B80,0x5BF8,0x5C0F,0x5C22,0x5C38,0x5C6E,0x5C71,
0x5DDB,0x5DE5,0x5DF1,0x5DFE,0x5E72,0x5E7A,0x5E7F,0x5EF4,0x5EFE,0x5F0B,0x5F13,0x5F50,
0x5F61,0x5F73,0x5FC3,0x6208,0x6236,0x624B,0x652F,0x6534,0x6587,0x6597,0x65A4,0x65B9,
0x65E0,0x65E5,0x66F0,0x6708,0x6728,0x6B20,0x6B62,0x6B79,0x6BB3,0x6BCB,0x6BD4,0x6BDB,
0x6C0F,0x6C14,0x6C34,0x706B,0x722A,0x7236,0x723B,0x723F,0x7247,0x7259,0x725B,0x72AC,
0x7384,0x7389,0x74DC,0x74E6,0x7518,0x751F,0x7528,0x7530,0x758B,0x7592,0x7676,0x767D,
0x76AE,0x76BF,0x76EE,0x77DB,0x77E2,0x77F3,0x793A,0x79B8,0x79BE,0x7A74,0x7ACB,0x7AF9,
0x7C73,0x7CF8,0x7F36,0x7F51,0x7F8A,0x7FBD,0x8001,0x800C,0x8012,0x8033,0x807F,0x8089,
0x81E3,0x81EA,0x81F3,0x81FC,0x820C,0x821B,0x821F,0x826E,0x8272,0x8278,0x864D,0x866B,
0x8840,0x884C,0x8863,0x897E,0x898B,0x89D2,0x8A00,0x8C37,0x8C46,0x8C55,0x8C78,0x8C9D,
0x8D64,0x8D70,0x8DB3,0x8EAB,0x8ECA,0x8F9B,0x8FB0,0x8FB5,0x9091,0x9149,0x91C6,0x91CC,
0x91D1,0x9577,0x9580,0x961C,0x96B6,0x96B9,0x96E8,0x9751,0x975E,0x9762,0x9769,0x97CB,
0x97ED,0x97F3,0x9801,0x98A8,0x98DB,0x98DF,0x9996,0x9999,0x99AC,0x9AA8,0x9AD8,0x9ADF,
0x9B25,0x9B2F,0x9B32,0x9B3C,0x9B5A,0x9CE5,0x9E75,0x9E7F,0x9EA5,0x9EBB,0x9EC3,0x9ECD,
0x9ED1,0x9EF9,0x9EFD,0x9F0E,0x9F13,0x9F20,0x9F3B,0x9F4A,0x9F52,0x9F8D,0x9F9C,0x9FA0,
0x20,0x3012,0x5341,0x5344,0x5345,0x304B,0x3099,0x304D,0x3099,0x304F,0x3099,0x3051,
0x3099,0x3053,0x3099,0x3055,0x3099,0x3057,0x3099,0x3059,0x3099,0x305B,0x3099,0x305D,
0x3099,0x305F,0x3099,0x3061,0x3099,0x3064,0x3099,0x3066,0x3099,0x3068,0x3099,0x306F,
0x3099,0x306F,0x309A,0x3072,0x3099,0x3072,0x309A,0x3075,0x3099,0x3075,0x309A,0x3078,
0x3099,0x3078,0x309A,0x307B,0x3099,0x307B,0x309A,0x3046,0x3099,0x20,0x3099,0x20,
0x309A,0x309D,0x3099,0x3088,0x308A,0x30AB,0x3099,0x30AD,0x3099,0x30AF,0x3099,0x30B1,
0x3099,0x30B3,0x3099,0x30B5,0x3099,0x30B7,0x3099,0x30B9,0x3099,0x30BB,0x3099,0x30BD,
0x3099,0x30BF,0x3099,0x30C1,0x3099,0x30C4,0x3099,0x30C6,0x3099,0x30C8,0x3099,0x30CF,
0x3099,0x30CF,0x309A,0x30D2,0x3099,0x30D2,0x309A,0x30D5,0x3099,0x30D5,0x309A,0x30D8,
0x3099,0x30D8,0x309A,0x30DB,0x3099,0x30DB,0x309A,0x30A6,0x3099,0x30EF,0x3099,0x30F0,
0x3099,0x30F1,0x3099,0x30F2,0x3099,0x30FD,0x3099,0x30B3,0x30C8,0x1100,0x1101,0x11AA,
0x1102,0x11AC,0x11AD,0x1103,0x1104,0x1105,0x11B0,0x11B1,0x11B2,0x11B3,0x11B4,0x11B5,
0x111A,0x1106,0x1107,0x1108,0x1121,0x1109,0x110A,0x110B,0x110C,0x110D,0x110E,0x110F,
0x1110,0x1111,0x1112,0x1161,0x1162,0x1163,0x1164,0x1165,0x1166,0x1167,0x1168,0x1169,
0x116A,0x116B,0x116C,0x116D,0x116E,0x116F,0x1170,0x1171,0x1172,0x1173,0x1174,0x1175,
0x1160,0x1114,0x1115,0x11C7,0x11C8,0x11CC,0x11CE,0x11D3,0x11D7,0x11D9,0x111C,0x11DD,
0x11DF,0x111D,0x111E,0x1120,0x1122,0x1123,0x1127,0x1129,0x112B,0x112C,0x112D,0x112E,
0x112F,0x1132,0x1136,0x1140,0x1147,0x114C,0x11F1,0x11F2,0x1157,0x1158,0x1159,0x1184,
0x1185,0x1188,0x1191,0x1192,0x1194,0x119E,0x11A1,0x4E00,0x4E8C,0x4E09,0x56DB,0x4E0A,
0x4E2D,0x4E0B,0x7532,0x4E59,0x4E19,0x4E01,0x5929,0x5730,0x4EBA,0x28,0x1100,0x29,
0x28,0x1102,0x29,0x28,0x1103,0x29,0x28,0x1105,0x29,0x28,0x1106,0x29,
0x28,0x1107,0x29,0x28,0x1109,0x29,0x28,0x110B,0x29,0x28,0x110C,0x29,
0x28,0x110E,0x29,0x28,0x110F,0x29,0x28,0x1110,0x29,0x28,0x1111,0x29,
0x28,0x1112,0x29,0x28,0x1100,0x1161,0x29,0x28,0x1102,0x1161,0x29,0x28,
0x1103,0x1161,0x29,0x28,0x1105,0x1161,0x29,0x28,0x1106,0x1161,0x29,0x28,
0x1107,0x1161,0x29,0x28,0x1109,0x1161,0x29,0x28,0x110B,0x1161,0x29,0x28,
0x110C,0x1161,0x29,0x28,0x110E,0x1161,0x29,0x28,0x110F,0x1161,0x29,0x28,
0x1110,0x1161,0x29,0x28,0x1111,0x1161,0x29,0x28,0x1112,0x1161,0x29,0x28,
0x110C,0x116E,0x29,0x28,0x110B,0x1169,0x110C,0x1165,0x11AB,0x29,0x28,0x110B,
0x1169,0x1112,0x116E,0x29,0x28,0x4E00,0x29,0x28,0x4E8C,0x29,0x28,0x4E09,
0x29,0x28,0x56DB,0x29,0x28,0x4E94,0x29,0x28,0x516D,0x29,0x28,0x4E03,
0x29,0x28,0x516B,0x29,0x28,0x4E5D,0x29,0x28,0x5341,0x29,0x28,0x6708,
0x29,0x28,0x706B,0x29,0x28,0x6C34,0x29,0x28,0x6728,0x29,0x28,0x91D1,
0x29,0x28,0x571F,0x29,0x28,0x65E5,0x29,0x28,0x682A,0x29,0x28,0x6709,
0x29,0x28,0x793E,0x29,0x28,0x540D,0x29,0x28,0x7279,0x29,0x28,0x8CA1,
0x29,0x28,0x795D,0x29,0x28,0x52B4,0x29,0x28,0x4EE3,0x29,0x28,0x547C,
0x29,0x28,0x5B66,0x29,0x28,0x76E3,0x29,0x28,0x4F01,0x29,0x28,0x8CC7,
0x29,0x28,0x5354,0x29,0x28,0x796D,0x29,0x28,0x4F11,0x29,0x28,0x81EA,
0x29,0x28,0x81F3,0x29,0x554F,0x5E7C,0x6587,0x7B8F,0x50,0x54,0x45,0x32,
0x31,0x32,0x32,0x32,0x33,0x32,0x34,0x32,0x35,0x32,0x36,0x32,
0x37,0x32,0x38,0x32,0x39,0x33,0x30,0x33,0x31,0x33,0x32,0x33,
0x33,0x33,0x34,0x33,0x35,0x1100,0x1102,0x1103,0x1105,0x1106,0x1107,0x1109,
0x110B,0x110C,0x110E,0x110F,0x1110,0x1111,0x1112,0x1100,0x1161,0x1102,0x1161,0x1103,
0x1161,0x1105,0x1161,0x1106,0x1161,0x1107,0x1161,0x1109,0x1161,0x110B,0x1161,0x110C,
0x1161,0x110E,0x1161,0x110F,0x1161,0x1110,0x1161,0x1111,0x1161,0x1112,0x1161,0x110E,
0x1161,0x11B7,0x1100,0x1169,0x110C,0x116E,0x110B,0x1174,0x110B,0x116E,0x4E00,0x4E8C,
0x4E09,0x56DB,0x4E94,0x516D,0x4E03,0x516B,0x4E5D,0x5341,0x6708,0x706B,0x6C34,0x6728,
0x91D1,0x571F,0x65E5,0x682A,0x6709,0x793E,0x540D,0x7279,0x8CA1,0x795D,0x52B4,0x79D8,
0x7537,0x5973,0x9069,0x512A,0x5370,0x6CE8,0x9805,0x4F11,0x5199,0x6B63,0x4E0A,0x4E2D,
0x4E0B,0x5DE6,0x53F3,0x533B,0x5B97,0x5B66,0x76E3,0x4F01,0x8CC7,0x5354,0x591C,0x33,
0x36,0x33,0x37,0x33,0x38,0x33,0x39,0x34,0x30,0x34,0x31,0x34,
0x32,0x34,0x33,0x34,0x34,0x34,0x35,0x34,0x36,0x34,0x37,0x34,
0x38,0x34,0x39,0x35,0x30,0x31,0x6708,0x32,0x6708,0x33,0x6708,0x34,
0x6708,0x35,0x6708,0x36,0x6708,0x37,0x6708,0x38,0x6708,0x39,0x6708,0x31,
0x30,0x6708,0x31,0x31,0x6708,0x31,0x32,0x6708,0x48,0x67,0x65,0x72,
0x67,0x65,0x56,0x4C,0x54,0x44,0x30A2,0x30A4,0x30A6,0x30A8,0x30AA,0x30AB,
0x30AD,0x30AF,0x30B1,0x30B3,0x30B5,0x30B7,0x30B9,0x30BB,0x30BD,0x30BF,0x30C1,0x30C4,
0x30C6,0x30C8,0x30CA,0x30CB,0x30CC,0x30CD,0x30CE,0x30CF,0x30D2,0x30D5,0x30D8,0x30DB,
0x30DE,0x30DF,0x30E0,0x30E1,0x30E2,0x30E4,0x30E6,0x30E8,0x30E9,0x30EA,0x30EB,0x30EC,
0x30ED,0x30EF,0x30F0,0x30F1,0x30F2,0x4EE4,0x548C,0x30A2,0x30CF,0x309A,0x30FC,0x30C8,
0x30A2,0x30EB,0x30D5,0x30A1,0x30A2,0x30F3,0x30D8,0x309A,0x30A2,0x30A2,0x30FC,0x30EB,
0x30A4,0x30CB,0x30F3,0x30AF,0x3099,0x30A4,0x30F3,0x30C1,0x30A6,0x30A9,0x30F3,0x30A8,
0x30B9,0x30AF,0x30FC,0x30C8,0x3099,0x30A8,0x30FC,0x30AB,0x30FC,0x30AA,0x30F3,0x30B9,
0x30AA,0x30FC,0x30E0,0x30AB,0x30A4,0x30EA,0x30AB,0x30E9,0x30C3,0x30C8,0x30AB,0x30ED,
0x30EA,0x30FC,0x30AB,0x3099,0x30ED,0x30F3,0x30AB,0x3099,0x30F3,0x30DE,0x30AD,0x3099,
0x30AB,0x3099,0x30AD,0x3099,0x30CB,0x30FC,0x30AD,0x30E5,0x30EA,0x30FC,0x30AD,0x3099,
0x30EB,0x30BF,0x3099,0x30FC,0x30AD,0x30ED,0x30AD,0x30ED,0x30AF,0x3099,0x30E9,0x30E0,
0x30AD,0x30ED,0x30E1,0x30FC,0x30C8,0x30EB,0x30AD,0x30ED,0x30EF,0x30C3,0x30C8,0x30AF,
0x3099,0x30E9,0x30E0,0x30AF,0x3099,0x30E9,0x30E0,0x30C8,0x30F3,0x30AF,0x30EB,0x30BB,
0x3099,0x30A4,0x30ED,0x30AF,0x30ED,0x30FC,0x30CD,0x30B1,0x30FC,0x30B9,0x30B3,0x30EB,
0x30CA,0x30B3,0x30FC,0x30DB,0x309A,0x30B5,0x30A4,0x30AF,0x30EB,0x30B5,0x30F3,0x30C1,
0x30FC,0x30E0,0x30B7,0x30EA,0x30F3,0x30AF,0x3099,0x30BB,0x30F3,0x30C1,0x30BB,0x30F3,
0x30C8,0x30BF,0x3099,0x30FC,0x30B9,0x30C6,0x3099,0x30B7,0x30C8,0x3099,0x30EB,0x30C8,
0x30F3,0x30CA,0x30CE,0x30CE,0x30C3,0x30C8,0x30CF,0x30A4,0x30C4,0x30CF,0x309A,0x30FC,
0x30BB,0x30F3,0x30C8,0x30CF,0x309A,0x30FC,0x30C4,0x30CF,0x3099,0x30FC,0x30EC,0x30EB,
0x30D2,0x309A,0x30A2,0x30B9,0x30C8,0x30EB,0x30D2,0x309A,0x30AF,0x30EB,0x30D2,0x309A,
0x30B3,0x30D2,0x3099,0x30EB,0x30D5,0x30A1,0x30E9,0x30C3,0x30C8,0x3099,0x30D5,0x30A3,
0x30FC,0x30C8,0x30D5,0x3099,0x30C3,0x30B7,0x30A7,0x30EB,0x30D5,0x30E9,0x30F3,0x30D8,
0x30AF,0x30BF,0x30FC,0x30EB,0x30D8,0x309A,0x30BD,0x30D8,0x309A,0x30CB,0x30D2,0x30D8,
0x30EB,0x30C4,0x30D8,0x309A,0x30F3,0x30B9,0x30D8,0x309A,0x30FC,0x30B7,0x3099,0x30D8,
0x3099,0x30FC,0x30BF,0x30DB,0x309A,0x30A4,0x30F3,0x30C8,0x30DB,0x3099,0x30EB,0x30C8,
0x30DB,0x30F3,0x30DB,0x309A,0x30F3,0x30C8,0x3099,0x30DB,0x30FC,0x30EB,0x30DB,0x30FC,
0x30F3,0x30DE,0x30A4,0x30AF,0x30ED,0x30DE,0x30A4,0x30EB,0x30DE,0x30C3,0x30CF,0x30DE,
0x30EB,0x30AF,0x30DE,0x30F3,0x30B7,0x30E7,0x30F3,0x30DF,0x30AF,0x30ED,0x30F3,0x30DF,
0x30EA,0x30DF,0x30EA,0x30CF,0x3099,0x30FC,0x30EB,0x30E1,0x30AB,0x3099,0x30E1,0x30AB,
0x3099,0x30C8,0x30F3,0x30E1,0x30FC,0x30C8,0x30EB,0x30E4,0x30FC,0x30C8,0x3099,0x30E4,
0x30FC,0x30EB,0x30E6,0x30A2,0x30F3,0x30EA,0x30C3,0x30C8,0x30EB,0x30EA,0x30E9,0x30EB,
0x30D2,0x309A,0x30FC,0x30EB,0x30FC,0x30D5,0x3099,0x30EB,0x30EC,0x30E0,0x30EC,0x30F3,
0x30C8,0x30B1,0x3099,0x30F3,0x30EF,0x30C3,0x30C8,0x30,0x70B9,0x31,0x70B9,0x32,
0x70B9,0x33,0x70B9,0x34,0x70B9,0x35,0x70B9,0x36,0x70B9,0x37,0x70B9,0x38,
0x70B9,0x39,0x70B9,0x31,0x30,0x70B9,0x31,0x31,0x70B9,0x31,0x32,0x70B9,
0x31,0x33,0x70B9,0x31,0x34,0x70B9,0x31,0x35,0x70B9,0x31,0x36,0x70B9,
0x31,0x37,0x70B9,0x31,0x38,0x70B9,0x31,0x39,0x70B9,0x32,0x30,0x70B9,
0x32,0x31,0x70B9,0x32,0x32,0x70B9,0x32,0x33,0x70B9,0x32,0x34,0x70B9,
0x68,0x50,0x61,0x64,0x61,0x41,0x55,0x62,0x61,0x72,0x6F,0x56,
0x70,0x63,0x64,0x6D,0x64,0x6D,0x32,0x64,0x6D,0x33,0x49,0x55,
0x5E73,0x6210,0x662D,0x548C,0x5927,0x6B63,0x660E,0x6CBB,0x682A,0x5F0F,0x4F1A,0x793E,
0x70,0x41,0x6E,0x41,0x3BC,0x41,0x6D,0x41,0x6B,0x41,0x4B,0x42,
0x4D,0x42,0x47,0x42,0x63,0x61,0x6C,0x6B,0x63,0x61,0x6C,0x70,
0x46,0x6E,0x46,0x3BC,0x46,0x3BC,0x67,0x6D,0x67,0x6B,0x67,0x48,
0x7A,0x6B,0x48,0x7A,0x4D,0x48,0x7A,0x47,0x48,0x7A,0x54,0x48,
0x7A,0x3BC,0x6C,0x6D,0x6C,0x64,0x6C,0x6B,0x6C,0x66,0x6D,0x6E,
0x6D,0x3BC,0x6D,0x6D,0x6D,0x63,0x6D,0x6B,0x6D,0x6D,0x6D,0x32,
0x63,0x6D,0x32,0x6D,0x32,0x6B,0x6D,0x32,0x6D,0x6D,0x33,0x63,
0x6D,0x33,0x6D,0x33,0x6B,0x6D,0x33,0x6D,0x2215,0x73,0x6D,0x2215,
0x73,0x32,0x50,0x61,0x6B,0x50,0x61,0x4D,0x50,0x61,0x47,0x50,
0x61,0x72,0x61,0x64,0x72,0x61,0x64,0x2215,0x73,0x72,0x61,0x64,
0x2215,0x73,0x32,0x70,0x73,0x6E,0x73,0x3BC,0x73,0x6D,0x73,0x70,
0x56,0x6E,0x56,0x3BC,0x56,0x6D,0x56,0x6B,0x56,0x4D,0x56,0x70,
0x57,0x6E,0x57,0x3BC,0x57,0x6D,0x57,0x6B,0x57,0x4D,0x57,0x6B,
0x3A9,0x4D,0x3A9,0x61,0x2E,0x6D,0x2E,0x42,0x71,0x63,0x63,0x63,
0x64,0x43,0x2215,0x6B,0x67,0x43,0x6F,0x2E,0x64,0x42,0x47,0x79,
0x68,0x61,0x48,0x50,0x69,0x6E,0x4B,0x4B,0x4B,0x4D,0x6B,0x74,
0x6C,0x6D,0x6C,0x6E,0x6C,0x6F,0x67,0x6C,0x78,0x6D,0x62,0x6D,
0x69,0x6C,0x6D,0x6F,0x6C,0x50,0x48,0x70,0x2E,0x6D,0x2E,0x50,
0x50,0x4D,0x50,0x52,0x73,0x72,0x53,0x76,0x57,0x62,0x56,0x2215,
0x6D,0x41,0x2215,0x6D,0x31,0x65E5,0x32,0x65E5,0x33,0x65E5,0x34,0x65E5,
0x35,0x65E5,0x36,0x65E5,0x37,0x65E5,0x38,0x65E5,0x39,0x65E5,0x31,0x30,
0x65E5,0x31,0x31,0x65E5,0x31,0x32,0x65E5,0x31,0x33,0x65E5,0x31,0x34,
0x65E5,0x31,0x35,0x65E5,0x31,0x36,0x65E5,0x31,0x37,0x65E5,0x31,0x38,
0x65E5,0x31,0x39,0x65E5,0x32,0x30,0x65E5,0x32,0x31,0x65E5,0x32,0x32,
0x65E5,0x32,0x33,0x65E5,0x32,0x34,0x65E5,0x32,0x35,0x65E5,0x32,0x36,
0x65E5,0x32,0x37,0x65E5,0x32,0x38,0x65E5,0x32,0x39,0x65E5,0x33,0x30,
0x65E5,0x33,0x31,0x65E5,0x67,0x61,0x6C,0x44A,0x44C,0xA76F,0x53,0x43,
0x46,0x51,0x126,0x153,0xA727,0xAB37,0x26B,0xAB52,0x28D,0x8C48,0x66F4,0x8ECA,
0x8CC8,0x6ED1,0x4E32,0x53E5,0x9F9C,0x9F9C,0x5951,0x91D1,0x5587,0x5948,0x61F6,0x7669,
0x7F85,0x863F,0x87BA,0x88F8,0x908F,0x6A02,0x6D1B,0x70D9,0x73DE,0x843D,0x916A,0x99F1,
0x4E82,0x5375,0x6B04,0x721B,0x862D,0x9E1E,0x5D50,0x6FEB,0x85CD,0x8964,0x62C9,0x81D8,
0x881F,0x5ECA,0x6717,0x6D6A,0x72FC,0x90CE,0x4F86,0x51B7,0x52DE,0x64C4,0x6AD3,0x7210,
0x76E7,0x8001,0x8606,0x865C,0x8DEF,0x9732,0x9B6F,0x9DFA,0x788C,0x797F,0x7DA0,0x83C9,
0x9304,0x9E7F,0x8AD6,0x58DF,0x5F04,0x7C60,0x807E,0x7262,0x78CA,0x8CC2,0x96F7,0x58D8,
0x5C62,0x6A13,0x6DDA,0x6F0F,0x7D2F,0x7E37,0x964B,0x52D2,0x808B,0x51DC,0x51CC,0x7A1C,
0x7DBE,0x83F1,0x9675,0x8B80,0x62CF,0x6A02,0x8AFE,0x4E39,0x5BE7,0x6012,0x7387,0x7570,
0x5317,0x78FB,0x4FBF,0x5FA9,0x4E0D,0x6CCC,0x6578,0x7D22,0x53C3,0x585E,0x7701,0x8449,
0x8AAA,0x6BBA,0x8FB0,0x6C88,0x62FE,0x82E5,0x63A0,0x7565,0x4EAE,0x5169,0x51C9,0x6881,
0x7CE7,0x826F,0x8AD2,0x91CF,0x52F5,0x5442,0x5973,0x5EEC,0x65C5,0x6FFE,0x792A,0x95AD,
0x9A6A,0x9E97,0x9ECE,0x529B,0x66C6,0x6B77,0x8F62,0x5E74,0x6190,0x6200,0x649A,0x6F23,
0x7149,0x7489,0x79CA,0x7DF4,0x806F,0x8F26,0x84EE,0x9023,0x934A,0x5217,0x52A3,0x54BD,
0x70C8,0x88C2,0x8AAA,0x5EC9,0x5FF5,0x637B,0x6BAE,0x7C3E,0x7375,0x4EE4,0x56F9,0x5BE7,
0x5DBA,0x601C,0x73B2,0x7469,0x7F9A,0x8046,0x9234,0x96F6,0x9748,0x9818,0x4F8B,0x79AE,
0x91B4,0x96B8,0x60E1,0x4E86,0x50DA,0x5BEE,0x5C3F,0x6599,0x6A02,0x71CE,0x7642,0x84FC,
0x907C,0x9F8D,0x6688,0x962E,0x5289,0x677B,0x67F3,0x6D41,0x6E9C,0x7409,0x7559,0x786B,
0x7D10,0x985E,0x516D,0x622E,0x9678,0x502B,0x5D19,0x6DEA,0x8F2A,0x5F8B,0x6144,0x6817,
0x7387,0x9686,0x5229,0x540F,0x5C65,0x6613,0x674E,0x68A8,0x6CE5,0x7406,0x75E2,0x7F79,
0x88CF,0x88E1,0x91CC,0x96E2,0x533F,0x6EBA,0x541D,0x71D0,0x7498,0x85FA,0x96A3,0x9C57,
0x9E9F,0x6797,0x6DCB,0x81E8,0x7ACB,0x7B20,0x7C92,0x72C0,0x7099,0x8B58,0x4EC0,0x8336,
0x523A,0x5207,0x5EA6,0x62D3,0x7CD6,0x5B85,0x6D1E,0x66B4,0x8F3B,0x884C,0x964D,0x898B,
0x5ED3,0x5140,0x55C0,0x585A,0x6674,0x51DE,0x732A,0x76CA,0x793C,0x795E,0x7965,0x798F,
0x9756,0x7CBE,0x7FBD,0x8612,0x8AF8,0x9038,0x90FD,0x98EF,0x98FC,0x9928,0x9DB4,0x90DE,
0x96B7,0x4FAE,0x50E7,0x514D,0x52C9,0x52E4,0x5351,0x559D,0x5606,0x5668,0x5840,0x58A8,
0x5C64,0x5C6E,0x6094,0x6168,0x618E,0x61F2,0x654F,0x65E2,0x6691,0x6885,0x6D77,0x6E1A,
0x6F22,0x716E,0x722B,0x7422,0x7891,0x793E,0x7949,0x7948,0x7950,0x7956,0x795D,0x798D,
0x798E,0x7A40,0x7A81,0x7BC0,0x7DF4,0x7E09,0x7E41,0x7F72,0x8005,0x81ED,0x8279,0x8279,
0x8457,0x8910,0x8996,0x8B01,0x8B39,0x8CD3,0x8D08,0x8FB6,0x9038,0x96E3,0x97FF,0x983B,
0x6075,0x242EE,0x8218,0x4E26,0x51B5,0x5168,0x4F80,0x5145,0x5180,0x52C7,0x52FA,0x559D,
0x5555,0x5599,0x55E2,0x585A,0x58B3,0x5944,0x5954,0x5A62,0x5B28,0x5ED2,0x5ED9,0x5F69,
0x5FAD,0x60D8,0x614E,0x6108,0x618E,0x6160,0x61F2,0x6234,0x63C4,0x641C,0x6452,0x6556,
0x6674,0x6717,0x671B,0x6756,0x6B79,0x6BBA,0x6D41,0x6EDB,0x6ECB,0x6F22,0x701E,0x716E,
0x77A7,0x7235,0x72AF,0x732A,0x7471,0x7506,0x753B,0x761D,0x761F,0x76CA,0x76DB,0x76F4,
0x774A,0x7740,0x78CC,0x7AB1,0x7BC0,0x7C7B,0x7D5B,0x7DF4,0x7F3E,0x8005,0x8352,0x83EF,
0x8779,0x8941,0x8986,0x8996,0x8ABF,0x8AF8,0x8ACB,0x8B01,0x8AFE,0x8AED,0x8B39,0x8B8A,
0x8D08,0x8F38,0x9072,0x9199,0x9276,0x967C,0x96E3,0x9756,0x97DB,0x97FF,0x980B,0x983B,
0x9B12,0x9F9C,0x2284A,0x22844,0x233D5,0x3B9D,0x4018,0x4039,0x25249,0x25CD0,0x27ED3,0x9F43,
0x9F8E,0x66,0x66,0x66,0x69,0x66,0x6C,0x66,0x66,0x69,0x66,0x66,
0x6C,0x73,0x74,0x73,0x74,0x574,0x576,0x574,0x565,0x574,0x56B,0x57E,
0x576,0x574,0x56D,0x5D9,0x5B4,0x5F2,0x5B7,0x5E2,0x5D0,0x5D3,0x5D4,0x5DB,
0x5DC,0x5DD,0x5E8,0x5EA,0x2B,0x5E9,0x5C1,0x5E9,0x5C2,0x5E9,0x5BC,0x5C1,
0x5E9,0x5BC,0x5C2,0x5D0,0x5B7,0x5D0,0x5B8,0x5D0,0x5BC,0x5D1,0x5BC,0x5D2,
0x5BC,0x5D3,0x5BC,0x5D4,0x5BC,0x5D5,0x5BC,0x5D6,0x5BC,0x5D8,0x5BC,0x5D9,
0x5BC,0x5DA,0x5BC,0x5DB,0x5BC,0x5DC,0x5BC,0x5DE,0x5BC,0x5E0,0x5BC,0x5E1,
0x5BC,0x5E3,0x5BC,0x5E4,0x5BC,0x5E6,0x5BC,0x5E7,0x5BC,0x5E8,0x5BC,0x5E9,
0x5BC,0x5EA,0x5BC,0x5D5,0x5B9,0x5D1,0x5BF,0x5DB,0x5BF,0x5E4,0x5BF,0x5D0,
0x5DC,0x671,0x671,0x67B,0x67B,0x67B,0x67B,0x67E,0x67E,0x67E,0x67E,0x680,
0x680,0x680,0x680,0x67A,0x67A,0x67A,0x67A,0x67F,0x67F,0x67F,0x67F,0x679,
0x679,0x679,0x679,0x6A4,0x6A4,0x6A4,0x6A4,0x6A6,0x6A6,0x6A6,0x6A6,0x684,
0x684,0x684,0x684,0x683,0x683,0x683,0x683,0x686,0x686,0x686,0x686,0x687,
0x687,0x687,0x687,0x68D,0x68D,0x68C,0x68C,0x68E,0x68E,0x688,0x688,0x698,
0x698,0x691,0x691,0x6A9,0x6A9,0x6A9,0x6A9,0x6AF,0x6AF,0x6AF,0x6AF,0x6B3,
0x6B3,0x6B3,0x6B3,0x6B1,0x6B1,0x6B1,0x6B1,0x6BA,0x6BA,0x6BB,0x6BB,0x6BB,
0x6BB,0x6D5,0x654,0x6D5,0x654,0x6C1,0x6C1,0x6C1,0x6C1,0x6BE,0x6BE,0x6BE,
0x6BE,0x6D2,0x6D2,0x6D2,0x654,0x6D2,0x654,0x6AD,0x6AD,0x6AD,0x6AD,0x6C7,
0x6C7,0x6C6,0x6C6,0x6C8,0x6C8,0x6C7,0x674,0x6CB,0x6CB,0x6C5,0x6C5,0x6C9,
0x6C9,0x6D0,0x6D0,0x6D0,0x6D0,0x649,0x649,0x64A,0x654,0x627,0x64A,0x654,
0x627,0x64A,0x654,0x6D5,0x64A,0x654,0x6D5,0x64A,0x654,0x648,0x64A,0x654,
0x648,0x64A,0x654,0x6C7,0x64A,0x654,0x6C7,0x64A,0x654,0x6C6,0x64A,0x654,
0x6C6,0x64A,0x654,0x6C8,0x64A,0x654,0x6C8,0x64A,0x654,0x6D0,0x64A,0x654,
0x6D0,0x64A,0x654,0x6D0,0x64A,0x654,0x649,0x64A,0x654,0x649,0x64A,0x654,
0x649,0x6CC,0x6CC,0x6CC,0x6CC,0x64A,0x654,0x62C,0x64A,0x654,0x62D,0x64A,
0x654,0x645,0x64A,0x654,0x649,0x64A,0x654,0x64A,0x628,0x62C,0x628,0x62D,
0x628,0x62E,0x628,0x645,0x628,0x649,0x628,0x64A,0x62A,0x62C,0x62A,0x62D,
0x62A,0x62E,0x62A,0x645,0x62A,0x649,0x62A,0x64A,0x62B,0x62C,0x62B,0x645,
0x62B,0x649,0x62B,0x64A,0x62C,0x62D,0x62C,0x645,0x62D,0x62C,0x62D,0x645,
0x62E,0x62C,0x62E,0x62D,0x62E,0x645,0x633,0x62C,0x633,0x62D,0x633,0x62E,
0x633,0x645,0x635,0x62D,0x635,0x645,0x636,0x62C,0x636,0x62D,0x636,0x62E,
0x636,0x645,0x637,0x62D,0x637,0x645,0x638,0x645,0x639,0x62C,0x639,0x645,
0x63A,0x62C,0x63A,0x645,0x641,0x62C,0x641,0x62D,0x641,0x62E,0x641,0x645,
0x641,0x649,0x641,0x64A,0x642,0x62D,0x642,0x645,0x642,0x649,0x642,0x64A,
0x643,0x627,0x643,0x62C,0x643,0x62D,0x643,0x62E,0x643,0x644,0x643,0x645,
0x643,0x649,0x643,0x64A,0x644,0x62C,0x644,0x62D,0x644,0x62E,0x644,0x645,
0x644,0x649,0x644,0x64A,0x645,0x62C,0x645,0x62D,0x645,0x62E,0x645,0x645,
0x645,0x649,0x645,0x64A,0x646,0x62C,0x646,0x62D,0x646,0x62E,0x646,0x645,
0x646,0x649,0x646,0x64A,0x647,0x62C,0x647,0x645,0x647,0x649,0x647,0x64A,
0x64A,0x62C,0x64A,0x62D,0x64A,0x62E,0x64A,0x645,0x64A,0x649,0x64A,0x64A,
0x630,0x670,0x631,0x670,0x649,0x670,0x20,0x64C,0x651,0x20,0x64D,0x651,
0x20,0x64E,0x651,0x20,0x64F,0x651,0x20,0x650,0x651,0x20,0x651,0x670,
0x64A,0x654,0x631,0x64A,0x654,0x632,0x64A,0x654,0x645,0x64A,0x654,0x646,
0x64A,0x654,0x649,0x64A,0x654,0x64A,0x628,0x631,0x628,0x632,0x628,0x645,
0x628,0x646,0x628,0x649,0x628,0x64A,0x62A,0x631,0x62A,0x632,0x62A,0x645,
0x62A,0x646,0x62A,0x649,0x62A,0x64A,0x62B,0x631,0x62B,0x632,0x62B,0x645,
0x62B,0x646,0x62B,0x649,0x62B,0x64A,0x641,0x649,0x641,0x64A,0x642,0x649,
0x642,0x64A,0x643,0x627,0x643,0x644,0x643,0x645,0x643,0x649,0x643,0x64A,
0x644,0x645,0x644,0x649,0x644,0x64A,0x645,0x627,0x645,0x645,0x646,0x631,
0x646,0x632,0x646,0x645,0x646,0x646,0x646,0x649,0x646,0x64A,0x649,0x670,
0x64A,0x631,0x64A,0x632,0x64A,0x645,0x64A,0x646,0x64A,0x649,0x64A,0x64A,
0x64A,0x654,0x62C,0x64A,0x654,0x62D,0x64A,0x654,0x62E,0x64A,0x654,0x645,
0x64A,0x654,0x647,0x628,0x62C,0x628,0x62D,0x628,0x62E,0x628,0x645,0x628,
0x647,0x62A,0x62C,0x62A,0x62D,0x62A,0x62E,0x62A,0x645,0x62A,0x647,0x62B,
0x645,0x62C,0x62D,0x62C,0x645,0x62D,0x62C,0x62D,0x645,0x62E,0x62C,0x62E,
0x645,0x633,0x62C,0x633,0x62D,0x633,0x62E,0x633,0x645,0x635,0x62D,0x635,
0x62E,0x635,0x645,0x636,0x62C,0x636,0x62D,0x636,0x62E,0x636,0x645,0x637,
0x62D,0x638,0x645,0x639,0x62C,0x639,0x645,0x63A,0x62C,0x63A,0x645,0x641,
0x62C,0x641,0x62D,0x641,0x62E,0x641,0x645,0x642,0x62D,0x642,0x645,0x643,
0x62C,0x643,0x62D,0x643,0x62E,0x643,0x644,0x643,0x645,0x644,0x62C,0x644,
0x62D,0x644,0x62E,0x644,0x645,0x644,0x647,0x645,0x62C,0x645,0x62D,0x645,
0x62E,0x645,0x645,0x646,0x62C,0x646,0x62D,0x646,0x62E,0x646,0x645,0x646,
0x647,0x647,0x62C,0x647,0x645,0x647,0x670,0x64A,0x62C,0x64A,0x62D,0x64A,
0x62E,0x64A,0x645,0x64A,0x647,0x64A,0x654,0x645,0x64A,0x654,0x647,0x628,
0x645,0x628,0x647,0x62A,0x645,0x62A,0x647,0x62B,0x645,0x62B,0x647,0x633,
0x645,0x633,0x647,0x634,0x645,0x634,0x647,0x643,0x644,0x643,0x645,0x644,
0x645,0x646,0x645,0x646,0x647,0x64A,0x645,0x64A,0x647,0x640,0x64E,0x651,
0x640,0x64F,0x651,0x640,0x650,0x651,0x637,0x649,0x637,0x64A,0x639,0x649,
0x639,0x64A,0x63A,0x649,0x63A,0x64A,0x633,0x649,0x633,0x64A,0x634,0x649,
0x634,0x64A,0x62D,0x649,0x62D,0x64A,0x62C,0x649,0x62C,0x64A,0x62E,0x649,
0x62E,0x64A,0x635,0x649,0x635,0x64A,0x636,0x649,0x636,0x64A,0x634,0x62C,
0x634,0x62D,0x634,0x62E,0x634,0x645,0x634,0x631,0x633,0x631,0x635,0x631,
0x636,0x631,0x637,0x649,0x637,0x64A,0x639,0x649,0x639,0x64A,0x63A,0x649,
0x63A,0x64A,0x633,0x649,0x633,0x64A,0x634,0x649,0x634,0x64A,0x62D,0x649,
0x62D,0x64A,0x62C,0x649,0x62C,0x64A,0x62E,0x649,0x62E,0x64A,0x635,0x649,
0x635,0x64A,0x636,0x649,0x636,0x64A,0x634,0x62C,0x634,0x62D,0x634,0x62E,
0x634,0x645,0x634,0x631,0x633,0x631,0x635,0x631,0x636,0x631,0x634,0x62C,
0x634,0x62D,0x634,0x62E,0x634,0x645,0x633,0x647,0x634,0x647,0x637,0x645,
0x633,0x62C,0x633,0x62D,0x633,0x62E,0x634,0x62C,0x634,0x62D,0x634,0x62E,
0x637,0x645,0x638,0x645,0x627,0x64B,0x627,0x64B,0x62A,0x62C,0x645,0x62A,
0x62D,0x62C,0x62A,0x62D,0x62C,0x62A,0x62D,0x645,0x62A,0x62E,0x645,0x62A,
0x645,0x62C,0x62A,0x645,0x62D,0x62A,0x645,0x62E,0x62C,0x645,0x62D,0x62C,
0x645,0x62D,0x62D,0x645,0x64A,0x62D,0x645,0x649,0x633,0x62D,0x62C,0x633,
0x62C,0x62D,0x633,0x62C,0x649,0x633,0x645,0x62D,0x633,0x645,0x62D,0x633,
0x645,0x62C,0x633,0x645,0x645,0x633,0x645,0x645,0x635,0x62D,0x62D,0x635,
0x62D,0x62D,0x635,0x645,0x645,0x634,0x62D,0x645,0x634,0x62D,0x645,0x634,
0x62C,0x64A,0x634,0x645,0x62E,0x634,0x645,0x62E,0x634,0x645,0x645,0x634,
0x645,0x645,0x636,0x62D,0x649,0x636,0x62E,0x645,0x636,0x62E,0x645,0x637,
0x645,0x62D,0x637,0x645,0x62D,0x637,0x645,0x645,0x637,0x645,0x64A,0x639,
0x62C,0x645,0x639,0x645,0x645,0x639,0x645,0x645,0x639,0x645,0x649,0x63A,
0x645,0x645,0x63A,0x645,0x64A,0x63A,0x645,0x649,0x641,0x62E,0x645,0x641,
0x62E,0x645,0x642,0x645,0x62D,0x642,0x645,0x645,0x644,0x62D,0x645,0x644,
0x62D,0x64A,0x644,0x62D,0x649,0x644,0x62C,0x62C,0x644,0x62C,0x62C,0x644,
0x62E,0x645,0x644,0x62E,0x645,0x644,0x645,0x62D,0x644,0x645,0x62D,0x645,
0x62D,0x62C,0x645,0x62D,0x645,0x645,0x62D,0x64A,0x645,0x62C,0x62D,0x645,
0x62C,0x645,0x645,0x62E,0x62C,0x645,0x62E,0x645,0x645,0x62C,0x62E,0x647,
0x645,0x62C,0x647,0x645,0x645,0x646,0x62D,0x645,0x646,0x62D,0x649,0x646,
0x62C,0x645,0x646,0x62C,0x645,0x646,0x62C,0x649,0x646,0x645,0x64A,0x646,
0x645,0x649,0x64A,0x645,0x645,0x64A,0x645,0x645,0x628,0x62E,0x64A,0x62A,
0x62C,0x64A,0x62A,0x62C,0x649,0x62A,0x62E,0x64A,0x62A,0x62E,0x649,0x62A,
0x645,0x64A,0x62A,0x645,0x649,0x62C,0x645,0x64A,0x62C,0x62D,0x649,0x62C,
0x645,0x649,0x633,0x62E,0x649,0x635,0x62D,0x64A,0x634,0x62D,0x64A,0x636,
0x62D,0x64A,0x644,0x62C,0x64A,0x644,0x645,0x64A,0x64A,0x62D,0x64A,0x64A,
0x62C,0x64A,0x64A,0x645,0x64A,0x645,0x645,0x64A,0x642,0x645,0x64A,0x646,
0x62D,0x64A,0x642,0x645,0x62D,0x644,0x62D,0x645,0x639,0x645,0x64A,0x643,
0x645,0x64A,0x646,0x62C,0x62D,0x645,0x62E,0x64A,0x644,0x62C,0x645,0x643,
0x645,0x645,0x644,0x62C,0x645,0x646,0x62C,0x62D,0x62C,0x62D,0x64A,0x62D,
0x62C,0x64A,0x645,0x62C,0x64A,0x641,0x645,0x64A,0x628,0x62D,0x64A,0x643,
0x645,0x645,0x639,0x62C,0x645,0x635,0x645,0x645,0x633,0x62E,0x64A,0x646,
0x62C,0x64A,0x635,0x644,0x6D2,0x642,0x644,0x6D2,0x627,0x644,0x644,0x647,
0x627,0x643,0x628,0x631,0x645,0x62D,0x645,0x62F,0x635,0x644,0x639,0x645,
0x631,0x633,0x648,0x644,0x639,0x644,0x64A,0x647,0x648,0x633,0x644,0x645,
0x635,0x644,0x649,0x635,0x644,0x649,0x20,0x627,0x644,0x644,0x647,0x20,
0x639,0x644,0x64A,0x647,0x20,0x648,0x633,0x644,0x645,0x62C,0x644,0x20,
0x62C,0x644,0x627,0x644,0x647,0x631,0x6CC,0x627,0x644,0x2C,0x3001,0x3002,
0x3A,0x3B,0x21,0x3F,0x3016,0x3017,0x2E,0x2E,0x2E,0x2E,0x2E,0x2014,
0x2013,0x5F,0x5F,0x28,0x29,0x7B,0x7D,0x3014,0x3015,0x3010,0x3011,0x300A,
0x300B,0x3008,0x3009,0x300C,0x300D,0x300E,0x300F,0x5B,0x5D,0x20,0x305,0x20,
0x305,0x20,0x305,0x20,0x305,0x5F,0x5F,0x5F,0x2C,0x3001,0x2E,0x3B,
0x3A,0x3F,0x21,0x2014,0x28,0x29,0x7B,0x7D,0x3014,0x3015,0x23,0x26,
0x2A,0x2B,0x2D,0x3C,0x3E,0x3D,0x5C,0x24,0x25,0x40,0x20,0x64B,
0x640,0x64B,0x20,0x64C,0x20,0x64D,0x20,0x64E,0x640,0x64E,0x20,0x64F,
0x640,0x64F,0x20,0x650,0x640,0x650,0x20,0x651,0x640,0x651,0x20,0x652,
0x640,0x652,0x621,0x627,0x653,0x627,0x653,0x627,0x654,0x627,0x654,0x648,
0x654,0x648,0x654,0x627,0x655,0x627,0x655,0x64A,0x654,0x64A,0x654,0x64A,
0x654,0x64A,0x654,0x627,0x627,0x628,0x628,0x628,0x628,0x629,0x629,0x62A,
0x62A,0x62A,0x62A,0x62B,0x62B,0x62B,0x62B,0x62C,0x62C,0x62C,0x62C,0x62D,
0x62D,0x62D,0x62D,0x62E,0x62E,0x62E,0x62E,0x62F,0x62F,0x630,0x630,0x631,
0x631,0x632,0x632,0x633,0x633,0x633,0x633,0x634,0x634,0x634,0x634,0x635,
0x635,0x635,0x635,0x636,0x636,0x636,0x636,0x637,0x637,0x637,0x637,0x638,
0x638,0x638,0x638,0x639,0x639,0x639,0x639,0x63A,0x63A,0x63A,0x63A,0x641,
0x641,0x641,0x641,0x642,0x642,0x642,0x642,0x643,0x643,0x643,0x643,0x644,
0x644,0x644,0x644,0x645,0x645,0x645,0x645,0x646,0x646,0x646,0x646,0x647,
0x647,0x647,0x647,0x648,0x648,0x649,0x649,0x64A,0x64A,0x64A,0x64A,0x644,
0x627,0x653,0x644,0x627,0x653,0x644,0x627,0x654,0x644,0x627,0x654,0x644,
0x627,0x655,0x644,0x627,0x655,0x644,0x627,0x644,0x627,0x21,0x22,0x23,
0x24,0x25,0x26,0x27,0x28,0x29,0x2A,0x2B,0x2C,0x2D,0x2E,0x2F,
0x30,0x31,0x32,0x33,0x34,0x35,0x36,0x37,0x38,0x39,0x3A,0x3B,
0x3C,0x3D,0x3E,0x3F,0x40,0x41,0x42,0x43,0x44,0x45,0x46,0x47,
0x48,0x49,0x4A,0x4B,0x4C,0x4D,0x4E,0x4F,0x50,0x51,0x52,0x53,
0x54,0x55,0x56,0x57,0x58,0x59,0x5A,0x5B,0x5C,0x5D,0x5E,0x5F,
0x60,0x61,0x62,0x63,0x64,0x65,0x66,0x67,0x68,0x69,0x6A,0x6B,
0x6C,0x6D,0x6E,0x6F,0x70,0x71,0x72,0x73,0x74,0x75,0x76,0x77,
0x78,0x79,0x7A,0x7B,0x7C,0x7D,0x7E,0x2985,0x2986,0x3002,0x300C,0x300D,
0x3001,0x30FB,0x30F2,0x30A1,0x30A3,0x30A5,0x30A7,0x30A9,0x30E3,0x30E5,0x30E7,0x30C3,
0x30FC,0x30A2,0x30A4,0x30A6,0x30A8,0x30AA,0x30AB,0x30AD,0x30AF,0x30B1,0x30B3,0x30B5,
0x30B7,0x30B9,0x30BB,0x30BD,0x30BF,0x30C1,0x30C4,0x30C6,0x30C8,0x30CA,0x30CB,0x30CC,
0x30CD,0x30CE,0x30CF,0x30D2,0x30D5,0x30D8,0x30DB,0x30DE,0x30DF,0x30E0,0x30E1,0x30E2,
0x30E4,0x30E6,0x30E8,0x30E9,0x30EA,0x30EB,0x30EC,0x30ED,0x30EF,0x30F3,0x3099,0x309A,
0x1160,0x1100,0x1101,0x11AA,0x1102,0x11AC,0x11AD,0x1103,0x1104,0x1105,0x11B0,0x11B1,
0x11B2,0x11B3,0x11B4,0x11B5,0x111A,0x1106,0x1107,0x1108,0x1121,0x1109,0x110A,0x110B,
0x110C,0x110D,0x110E,0x110F,0x1110,0x1111,0x1112,0x1161,0x1162,0x1163,0x1164,0x1165,
0x1166,0x1167,0x1168,0x1169,0x116A,0x116B,0x116C,0x116D,0x116E,0x116F,0x1170,0x1171,
0x1172,0x1173,0x1174,0x1175,0xA2,0xA3,0xAC,0x20,0x304,0xA6,0xA5,0x20A9,
0x2502,0x2190,0x2191,0x2192,0x2193,0x25A0,0x25CB,0x105D2,0x307,0x105DA,0x307,0x2D0,
0x2D1,0xE6,0x299,0x253,0x2A3,0xAB66,0x2A5,0x2A4,0x256,0x257,0x1D91,0x258,
0x25E,0x2A9,0x264,0x262,0x260,0x29B,0x127,0x29C,0x267,0x284,0x2AA,0x2AB,
0x26C,0x1DF04,0xA78E,0x26E,0x1DF05,0x28E,0x1DF06,0xF8,0x276,0x277,0x71,0x27A,
0x1DF08,0x27D,0x27E,0x280,0x2A8,0x2A6,0xAB67,0x2A7,0x288,0x2C71,0x28F,0x2A1,
0x2A2,0x298,0x1C0,0x1C1,0x1C2,0x1DF0A,0x1DF1E,0x11099,0x110BA,0x1109B,0x110BA,0x110A5,
0x110BA,0x11131,0x11127,0x11132,0x11127,0x11347,0x1133E,0x11347,0x11357,0x11382,0x113C9,0x11384,
0x113BB,0x1138B,0x113C2,0x11390,0x113C9,0x113C2,0x113C2,0x113C2,0x113B8,0x113C2,0x113C9,0x114B9,
0x114BA,0x114B9,0x114B0,0x114B9,0x114BD,0x115B8,0x115AF,0x115B9,0x115AF,0x11935,0x11930,0x1611E,
0x1611E,0x1611E,0x16129,0x1611E,0x1611F,0x16129,0x1611F,0x1611E,0x16120,0x1611E,0x1611E,0x1611F,
0x1611E,0x16129,0x1611F,0x1611E,0x1611E,0x16120,0x16D67,0x16D67,0x16D63,0x16D67,0x16D63,0x16D67,
0x16D67,0x41,0x42,0x43,0x44,0x45,0x46,0x47,0x48,0x49,0x4A,0x4B,
0x4C,0x4D,0x4E,0x4F,0x50,0x51,0x52,0x53,0x54,0x55,0x56,0x57,
0x58,0x59,0x5A,0x30,0x31,0x32,0x33,0x34,0x35,0x36,0x37,0x38,
0x39,0x1D157,0x1D165,0x1D158,0x1D165,0x1D158,0x1D165,0x1D16E,0x1D158,0x1D165,0x1D16F,0x1D158,
0x1D165,0x1D170,0x1D158,0x1D165,0x1D171,0x1D158,0x1D165,0x1D172,0x1D1B9,0x1D165,0x1D1BA,0x1D165,
0x1D1B9,0x1D165,0x1D16E,0x1D1BA,0x1D165,0x1D16E,0x1D1B9,0x1D165,0x1D16F,0x1D1BA,0x1D165,0x1D16F,
0x41,0x42,0x43,0x44,0x45,0x46,0x47,0x48,0x49,0x4A,0x4B,0x4C,
0x4D,0x4E,0x4F,0x50,0x51,0x52,0x53,0x54,0x55,0x56,0x57,0x58,
0x59,0x5A,0x61,0x62,0x63,0x64,0x65,0x66,0x67,0x68,0x69,0x6A,
0x6B,0x6C,0x6D,0x6E,0x6F,0x70,0x71,0x72,0x73,0x74,0x75,0x76,
0x77,0x78,0x79,0x7A,0x41,0x42,0x43,0x44,0x45,0x46,0x47,0x48,
0x49,0x4A,0x4B,0x4C,0x4D,0x4E,0x4F,0x50,0x51,0x52,0x53,0x54,
0x55,0x56,0x57,0x58,0x59,0x5A,0x61,0x62,0x63,0x64,0x65,0x66,
0x67,0x69,0x6A,0x6B,0x6C,0x6D,0x6E,0x6F,0x70,0x71,0x72,0x73,
0x74,0x75,0x76,0x77,0x78,0x79,0x7A,0x41,0x42,0x43,0x44,0x45,
0x46,0x47,0x48,0x49,0x4A,0x4B,0x4C,0x4D,0x4E,0x4F,0x50,0x51,
0x52,0x53,0x54,0x55,0x56,0x57,0x58,0x59,0x5A,0x61,0x62,0x63,
0x64,0x65,0x66,0x67,0x68,0x69,0x6A,0x6B,0x6C,0x6D,0x6E,0x6F,
0x70,0x71,0x72,0x73,0x74,0x75,0x76,0x77,0x78,0x79,0x7A,0x41,
0x43,0x44,0x47,0x4A,0x4B,0x4E,0x4F,0x50,0x51,0x53,0x54,0x55,
0x56,0x57,0x58,0x59,0x5A,0x61,0x62,0x63,0x64,0x66,0x68,0x69,
0x6A,0x6B,0x6C,0x6D,0x6E,0x70,0x71,0x72,0x73,0x74,0x75,0x76,
0x77,0x78,0x79,0x7A,0x41,0x42,0x43,0x44,0x45,0x46,0x47,0x48,
0x49,0x4A,0x4B,0x4C,0x4D,0x4E,0x4F,0x50,0x51,0x52,0x53,0x54,
0x55,0x56,0x57,0x58,0x59,0x5A,0x61,0x62,0x63,0x64,0x65,0x66,
0x67,0x68,0x69,0x6A,0x6B,0x6C,0x6D,0x6E,0x6F,0x70,0x71,0x72,
0x73,0x74,0x75,0x76,0x77,0x78,0x79,0x7A,0x41,0x42,0x44,0x45,
0x46,0x47,0x4A,0x4B,0x4C,0x4D,0x4E,0x4F,0x50,0x51,0x53,0x54,
0x55,0x56,0x57,0x58,0x59,0x61,0x62,0x63,0x64,0x65,0x66,0x67,
0x68,0x69,0x6A,0x6B,0x6C,0x6D,0x6E,0x6F,0x70,0x71,0x72,0x73,
0x74,0x75,0x76,0x77,0x78,0x79,0x7A,0x41,0x42,0x44,0x45,0x46,
0x47,0x49,0x4A,0x4B,0x4C,0x4D,0x4F,0x53,0x54,0x55,0x56,0x57,
0x58,0x59,0x61,0x62,0x63,0x64,0x65,0x66,0x67,0x68,0x69,0x6A,
0x6B,0x6C,0x6D,0x6E,0x6F,0x70,0x71,0x72,0x73,0x74,0x75,0x76,
0x77,0x78,0x79,0x7A,0x41,0x42,0x43,0x44,0x45,0x46,0x47,0x48,
0x49,0x4A,0x4B,0x4C,0x4D,0x4E,0x4F,0x50,0x51,0x52,0x53,0x54,
0x55,0x56,0x57,0x58,0x59,0x5A,0x61,0x62,0x63,0x64,0x65,0x66,
0x67,0x68,0x69,0x6A,0x6B,0x6C,0x6D,0x6E,0x6F,0x70,0x71,0x72,
0x73,0x74,0x75,0x76,0x77,0x78,0x79,0x7A,0x41,0x42,0x43,0x44,
0x45,0x46,0x47,0x48,0x49,0x4A,0x4B,0x4C,0x4D,0x4E,0x4F,0x50,
0x51,0x52,0x53,0x54,0x55,0x56,0x57,0x58,0x59,0x5A,0x61,0x62,
0x63,0x64,0x65,0x66,0x67,0x68,0x69,0x6A,0x6B,0x6C,0x6D,0x6E,
0x6F,0x70,0x71,0x72,0x73,0x74,0x75,0x76,0x77,0x78,0x79,0x7A,
0x41,0x42,0x43,0x44,0x45,0x46,0x47,0x48,0x49,0x4A,0x4B,0x4C,
0x4D,0x4E,0x4F,0x50,0x51,0x52,0x53,0x54,0x55,0x56,0x57,0x58,
0x59,0x5A,0x61,0x62,0x63,0x64,0x65,0x66,0x67,0x68,0x69,0x6A,
0x6B,0x6C,0x6D,0x6E,0x6F,0x70,0x71,0x72,0x73,0x74,0x75,0x76,
0x77,0x78,0x79,0x7A,0x41,0x42,0x43,0x44,0x45,0x46,0x47,0x48,
0x49,0x4A,0x4B,0x4C,0x4D,0x4E,0x4F,0x50,0x51,0x52,0x53,0x54,
0x55,0x56,0x57,0x58,0x59,0x5A,0x61,0x62,0x63,0x64,0x65,0x66,
0x67,0x68,0x69,0x6A,0x6B,0x6C,0x6D,0x6E,0x6F,0x70,0x71,0x72,
0x73,0x74,0x75,0x76,0x77,0x78,0x79,0x7A,0x41,0x42,0x43,0x44,
0x45,0x46,0x47,0x48,0x49,0x4A,0x4B,0x4C,0x4D,0x4E,0x4F,0x50,
0x51,0x52,0x53,0x54,0x55,0x56,0x57,0x58,0x59,0x5A,0x61,0x62,
0x63,0x64,0x65,0x66,0x67,0x68,0x69,0x6A,0x6B,0x6C,0x6D,0x6E,
0x6F,0x70,0x71,0x72,0x73,0x74,0x75,0x76,0x77,0x78,0x79,0x7A,
0x41,0x42,0x43,0x44,0x45,0x46,0x47,0x48,0x49,0x4A,0x4B,0x4C,
0x4D,0x4E,0x4F,0x50,0x51,0x52,0x53,0x54,0x55,0x56,0x57,0x58,
0x59,0x5A,0x61,0x62,0x63,0x64,0x65,0x66,0x67,0x68,0x69,0x6A,
0x6B,0x6C,0x6D,0x6E,0x6F,0x70,0x71,0x72,0x73,0x74,0x75,0x76,
0x77,0x78,0x79,0x7A,0x131,0x237,0x391,0x392,0x393,0x394,0x395,0x396,
0x397,0x398,0x399,0x39A,0x39B,0x39C,0x39D,0x39E,0x39F,0x3A0,0x3A1,0x398,
0x3A3,0x3A4,0x3A5,0x3A6,0x3A7,0x3A8,0x3A9,0x2207,0x3B1,0x3B2,0x3B3,0x3B4,
0x3B5,0x3B6,0x3B7,0x3B8,0x3B9,0x3BA,0x3BB,0x3BC,0x3BD,0x3BE,0x3BF,0x3C0,
0x3C1,0x3C2,0x3C3,0x3C4,0x3C5,0x3C6,0x3C7,0x3C8,0x3C9,0x2202,0x3B5,0x3B8,
0x3BA,0x3C6,0x3C1,0x3C0,0x391,0x392,0x393,0x394,0x395,0x396,0x397,0x398,
0x399,0x39A,0x39B,0x39C,0x39D,0x39E,0x39F,0x3A0,0x3A1,0x398,0x3A3,0x3A4,
0x3A5,0x3A6,0x3A7,0x3A8,0x3A9,0x2207,0x3B1,0x3B2,0x3B3,0x3B4,0x3B5,0x3B6,
0x3B7,0x3B8,0x3B9,0x3BA,0x3BB,0x3BC,0x3BD,0x3BE,0x3BF,0x3C0,0x3C1,0x3C2,
0x3C3,0x3C4,0x3C5,0x3C6,0x3C7,0x3C8,0x3C9,0x2202,0x3B5,0x3B8,0x3BA,0x3C6,
0x3C1,0x3C0,0x391,0x392,0x393,0x394,0x395,0x396,0x397,0x398,0x399,0x39A,
0x39B,0x39C,0x39D,0x39E,0x39F,0x3A0,0x3A1,0x398,0x3A3,0x3A4,0x3A5,0x3A6,
0x3A7,0x3A8,0x3A9,0x2207,0x3B1,0x3B2,0x3B3,0x3B4,0x3B5,0x3B6,0x3B7,0x3B8,
0x3B9,0x3BA,0x3BB,0x3BC,0x3BD,0x3BE,0x3BF,0x3C0,0x3C1,0x3C2,0x3C3,0x3C4,
0x3C5,0x3C6,0x3C7,0x3C8,0x3C9,0x2202,0x3B5,0x3B8,0x3BA,0x3C6,0x3C1,0x3C0,
0x391,0x392,0x393,0x394,0x395,0x396,0x397,0x398,0x399,0x39A,0x39B,0x39C,
0x39D,0x39E,0x39F,0x3A0,0x3A1,0x398,0x3A3,0x3A4,0x3A5,0x3A6,0x3A7,0x3A8,
0x3A9,0x2207,0x3B1,0x3B2,0x3B3,0x3B4,0x3B5,0x3B6,0x3B7,0x3B8,0x3B9,0x3BA,
0x3BB,0x3BC,0x3BD,0x3BE,0x3BF,0x3C0,0x3C1,0x3C2,0x3C3,0x3C4,0x3C5,0x3C6,
0x3C7,0x3C8,0x3C9,0x2202,0x3B5,0x3B8,0x3BA,0x3C6,0x3C1,0x3C0,0x391,0x392,
0x393,0x394,0x395,0x396,0x397,0x398,0x399,0x39A,0x39B,0x39C,0x39D,0x39E,
0x39F,0x3A0,0x3A1,0x398,0x3A3,0x3A4,0x3A5,0x3A6,0x3A7,0x3A8,0x3A9,0x2207,
0x3B1,0x3B2,0x3B3,0x3B4,0x3B5,0x3B6,0x3B7,0x3B8,0x3B9,0x3BA,0x3BB,0x3BC,
0x3BD,0x3BE,0x3BF,0x3C0,0x3C1,0x3C2,0x3C3,0x3C4,0x3C5,0x3C6,0x3C7,0x3C8,
0x3C9,0x2202,0x3B5,0x3B8,0x3BA,0x3C6,0x3C1,0x3C0,0x3DC,0x3DD,0x30,0x31,
0x32,0x33,0x34,0x35,0x36,0x37,0x38,0x39,0x30,0x31,0x32,0x33,
0x34,0x35,0x36,0x37,0x38,0x39,0x30,0x31,0x32,0x33,0x34,0x35,
0x36,0x37,0x38,0x39,0x30,0x31,0x32,0x33,0x34,0x35,0x36,0x37,
0x38,0x39,0x30,0x31,0x32,0x33,0x34,0x35,0x36,0x37,0x38,0x39,
0x430,0x431,0x432,0x433,0x434,0x435,0x436,0x437,0x438,0x43A,0x43B,0x43C,
0x43E,0x43F,0x440,0x441,0x442,0x443,0x444,0x445,0x446,0x447,0x448,0x44B,
0x44D,0x44E,0xA689,0x4D9,0x456,0x458,0x4E9,0x4AF,0x4CF,0x430,0x431,0x432,
0x433,0x434,0x435,0x436,0x437,0x438,0x43A,0x43B,0x43E,0x43F,0x441,0x443,
0x444,0x445,0x446,0x447,0x448,0x44A,0x44B,0x491,0x456,0x455,0x45F,0x4AB,
0xA651,0x4B1,0x627,0x628,0x62C,0x62F,0x648,0x632,0x62D,0x637,0x64A,0x643,
0x644,0x645,0x646,0x633,0x639,0x641,0x635,0x642,0x631,0x634,0x62A,0x62B,
0x62E,0x630,0x636,0x638,0x63A,0x66E,0x6BA,0x6A1,0x66F,0x628,0x62C,0x647,
0x62D,0x64A,0x643,0x644,0x645,0x646,0x633,0x639,0x641,0x635,0x642,0x634,
0x62A,0x62B,0x62E,0x636,0x63A,0x62C,0x62D,0x64A,0x644,0x646,0x633,0x639,
0x635,0x642,0x634,0x62E,0x636,0x63A,0x6BA,0x66F,0x628,0x62C,0x647,0x62D,
0x637,0x64A,0x643,0x645,0x646,0x633,0x639,0x641,0x635,0x642,0x634,0x62A,
0x62B,0x62E,0x636,0x638,0x63A,0x66E,0x6A1,0x627,0x628,0x62C,0x62F,0x647,
0x648,0x632,0x62D,0x637,0x64A,0x644,0x645,0x646,0x633,0x639,0x641,0x635,
0x642,0x631,0x634,0x62A,0x62B,0x62E,0x630,0x636,0x638,0x63A,0x628,0x62C,
0x62F,0x648,0x632,0x62D,0x637,0x64A,0x644,0x645,0x646,0x633,0x639,0x641,
0x635,0x642,0x631,0x634,0x62A,0x62B,0x62E,0x630,0x636,0x638,0x63A,0x30,
0x2E,0x30,0x2C,0x31,0x2C,0x32,0x2C,0x33,0x2C,0x34,0x2C,0x35,
0x2C,0x36,0x2C,0x37,0x2C,0x38,0x2C,0x39,0x2C,0x28,0x41,0x29,
0x28,0x42,0x29,0x28,0x43,0x29,0x28,0x44,0x29,0x28,0x45,0x29,
0x28,0x46,0x29,0x28,0x47,0x29,0x28,0x48,0x29,0x28,0x49,0x29,
0x28,0x4A,0x29,0x28,0x4B,0x29,0x28,0x4C,0x29,0x28,0x4D,0x29,
0x28,0x4E,0x29,0x28,0x4F,0x29,0x28,0x50,0x29,0x28,0x51,0x29,
0x28,0x52,0x29,0x28,0x53,0x29,0x28,0x54,0x29,0x28,0x55,0x29,
0x28,0x56,0x29,0x28,0x57,0x29,0x28,0x58,0x29,0x28,0x59,0x29,
0x28,0x5A,0x29,0x3014,0x53,0x3015,0x43,0x52,0x43,0x44,0x57,0x5A,
0x41,0x42,0x43,0x44,0x45,0x46,0x47,0x48,0x49,0x4A,0x4B,0x4C,
0x4D,0x4E,0x4F,0x50,0x51,0x52,0x53,0x54,0x55,0x56,0x57,0x58,
0x59,0x5A,0x48,0x56,0x4D,0x56,0x53,0x44,0x53,0x53,0x50,0x50,
0x56,0x57,0x43,0x4D,0x43,0x4D,0x44,0x4D,0x52,0x44,0x4A,0x307B,
0x304B,0x30B3,0x30B3,0x30B5,0x624B,0x5B57,0x53CC,0x30C6,0x3099,0x4E8C,0x591A,0x89E3,
0x5929,0x4EA4,0x6620,0x7121,0x6599,0x524D,0x5F8C,0x518D,0x65B0,0x521D,0x7D42,0x751F,
0x8CA9,0x58F0,0x5439,0x6F14,0x6295,0x6355,0x4E00,0x4E09,0x904A,0x5DE6,0x4E2D,0x53F3,
0x6307,0x8D70,0x6253,0x7981,0x7A7A,0x5408,0x6E80,0x6709,0x6708,0x7533,0x5272,0x55B6,
0x914D,0x3014,0x672C,0x3015,0x3014,0x4E09,0x3015,0x3014,0x4E8C,0x3015,0x3014,0x5B89,
0x3015,0x3014,0x70B9,0x3015,0x3014,0x6253,0x3015,0x3014,0x76D7,0x3015,0x3014,0x52DD,
0x3015,0x3014,0x6557,0x3015,0x5F97,0x53EF,0x30,0x31,0x32,0x33,0x34,0x35,
0x36,0x37,0x38,0x39,0x4E3D,0x4E38,0x4E41,0x20122,0x4F60,0x4FAE,0x4FBB,0x5002,
0x507A,0x5099,0x50E7,0x50CF,0x349E,0x2063A,0x514D,0x5154,0x5164,0x5177,0x2051C,0x34B9,
0x5167,0x518D,0x2054B,0x5197,0x51A4,0x4ECC,0x51AC,0x51B5,0x291DF,0x51F5,0x5203,0x34DF,
0x523B,0x5246,0x5272,0x5277,0x3515,0x52C7,0x52C9,0x52E4,0x52FA,0x5305,0x5306,0x5317,
0x5349,0x5351,0x535A,0x5373,0x537D,0x537F,0x537F,0x537F,0x20A2C,0x7070,0x53CA,0x53DF,
0x20B63,0x53EB,0x53F1,0x5406,0x549E,0x5438,0x5448,0x5468,0x54A2,0x54F6,0x5510,0x5553,
0x5563,0x5584,0x5584,0x5599,0x55AB,0x55B3,0x55C2,0x5716,0x5606,0x5717,0x5651,0x5674,
0x5207,0x58EE,0x57CE,0x57F4,0x580D,0x578B,0x5832,0x5831,0x58AC,0x214E4,0x58F2,0x58F7,
0x5906,0x591A,0x5922,0x5962,0x216A8,0x216EA,0x59EC,0x5A1B,0x5A27,0x59D8,0x5A66,0x36EE,
0x36FC,0x5B08,0x5B3E,0x5B3E,0x219C8,0x5BC3,0x5BD8,0x5BE7,0x5BF3,0x21B18,0x5BFF,0x5C06,
0x5F53,0x5C22,0x3781,0x5C60,0x5C6E,0x5CC0,0x5C8D,0x21DE4,0x5D43,0x21DE6,0x5D6E,0x5D6B,
0x5D7C,0x5DE1,0x5DE2,0x382F,0x5DFD,0x5E28,0x5E3D,0x5E69,0x3862,0x22183,0x387C,0x5EB0,
0x5EB3,0x5EB6,0x5ECA,0x2A392,0x5EFE,0x22331,0x22331,0x8201,0x5F22,0x5F22,0x38C7,0x232B8,
0x261DA,0x5F62,0x5F6B,0x38E3,0x5F9A,0x5FCD,0x5FD7,0x5FF9,0x6081,0x393A,0x391C,0x6094,
0x226D4,0x60C7,0x6148,0x614C,0x614E,0x614C,0x617A,0x618E,0x61B2,0x61A4,0x61AF,0x61DE,
0x61F2,0x61F6,0x6210,0x621B,0x625D,0x62B1,0x62D4,0x6350,0x22B0C,0x633D,0x62FC,0x6368,
0x6383,0x63E4,0x22BF1,0x6422,0x63C5,0x63A9,0x3A2E,0x6469,0x647E,0x649D,0x6477,0x3A6C,
0x654F,0x656C,0x2300A,0x65E3,0x66F8,0x6649,0x3B19,0x6691,0x3B08,0x3AE4,0x5192,0x5195,
0x6700,0x669C,0x80AD,0x43D9,0x6717,0x671B,0x6721,0x675E,0x6753,0x233C3,0x3B49,0x67FA,
0x6785,0x6852,0x6885,0x2346D,0x688E,0x681F,0x6914,0x3B9D,0x6942,0x69A3,0x69EA,0x6AA8,
0x236A3,0x6ADB,0x3C18,0x6B21,0x238A7,0x6B54,0x3C4E,0x6B72,0x6B9F,0x6BBA,0x6BBB,0x23A8D,
0x21D0B,0x23AFA,0x6C4E,0x23CBC,0x6CBF,0x6CCD,0x6C67,0x6D16,0x6D3E,0x6D77,0x6D41,0x6D69,
0x6D78,0x6D85,0x23D1E,0x6D34,0x6E2F,0x6E6E,0x3D33,0x6ECB,0x6EC7,0x23ED1,0x6DF9,0x6F6E,
0x23F5E,0x23F8E,0x6FC6,0x7039,0x701E,0x701B,0x3D96,0x704A,0x707D,0x7077,0x70AD,0x20525,
0x7145,0x24263,0x719C,0x243AB,0x7228,0x7235,0x7250,0x24608,0x7280,0x7295,0x24735,0x24814,
0x737A,0x738B,0x3EAC,0x73A5,0x3EB8,0x3EB8,0x7447,0x745C,0x7471,0x7485,0x74CA,0x3F1B,
0x7524,0x24C36,0x753E,0x24C92,0x7570,0x2219F,0x7610,0x24FA1,0x24FB8,0x25044,0x3FFC,0x4008,
0x76F4,0x250F3,0x250F2,0x25119,0x25133,0x771E,0x771F,0x771F,0x774A,0x4039,0x778B,0x4046,
0x4096,0x2541D,0x784E,0x788C,0x78CC,0x40E3,0x25626,0x7956,0x2569A,0x256C5,0x798F,0x79EB,
0x412F,0x7A40,0x7A4A,0x7A4F,0x2597C,0x25AA7,0x25AA7,0x7AEE,0x4202,0x25BAB,0x7BC6,0x7BC9,
0x4227,0x25C80,0x7CD2,0x42A0,0x7CE8,0x7CE3,0x7D00,0x25F86,0x7D63,0x4301,0x7DC7,0x7E02,
0x7E45,0x4334,0x26228,0x26247,0x4359,0x262D9,0x7F7A,0x2633E,0x7F95,0x7FFA,0x8005,0x264DA,
0x26523,0x8060,0x265A8,0x8070,0x2335F,0x43D5,0x80B2,0x8103,0x440B,0x813E,0x5AB5,0x267A7,
0x267B5,0x23393,0x2339C,0x8201,0x8204,0x8F9E,0x446B,0x8291,0x828B,0x829D,0x52B3,0x82B1,
0x82B3,0x82BD,0x82E6,0x26B3C,0x82E5,0x831D,0x8363,0x83AD,0x8323,0x83BD,0x83E7,0x8457,
0x8353,0x83CA,0x83CC,0x83DC,0x26C36,0x26D6B,0x26CD5,0x452B,0x84F1,0x84F3,0x8516,0x273CA,
0x8564,0x26F2C,0x455D,0x4561,0x26FB1,0x270D2,0x456B,0x8650,0x865C,0x8667,0x8669,0x86A9,
0x8688,0x870E,0x86E2,0x8779,0x8728,0x876B,0x8786,0x45D7,0x87E1,0x8801,0x45F9,0x8860,
0x8863,0x27667,0x88D7,0x88DE,0x4635,0x88FA,0x34BB,0x278AE,0x27966,0x46BE,0x46C7,0x8AA0,
0x8AED,0x8B8A,0x8C55,0x27CA8,0x8CAB,0x8CC1,0x8D1B,0x8D77,0x27F2F,0x20804,0x8DCB,0x8DBC,
0x8DF0,0x208DE,0x8ED4,0x8F38,0x285D2,0x285ED,0x9094,0x90F1,0x9111,0x2872E,0x911B,0x9238,
0x92D7,0x92D8,0x927C,0x93F9,0x9415,0x28BFA,0x958B,0x4995,0x95B7,0x28D77,0x49E6,0x96C3,
0x5DB2,0x9723,0x29145,0x2921A,0x4A6E,0x4A76,0x97E0,0x2940A,0x4AB2,0x29496,0x980B,0x980B,
0x9829,0x295B6,0x98E2,0x4B33,0x9929,0x99A7,0x99C2,0x99FE,0x4BCE,0x29B30,0x9B12,0x9C40,
0x9CFD,0x4CCE,0x4CED,0x9D67,0x2A0CE,0x4CF8,0x2A105,0x2A20E,0x2A291,0x9EBB,0x4D56,0x9EF9,
0x9EFE,0x9F05,0x9F0F,0x9F16,0x9F3B,0x2A600,
};
const size_t k_decomp_pool_n = sizeof(k_decomp_pool)/sizeof(k_decomp_pool[0]);

/* Sorted by codepoint, so a lookup is a binary search. */
const DecompRow k_decomp_rows[] = {
{0xA0,0,0,0,1},
{0xA8,0,0,1,2},
{0xAA,0,0,3,1},
{0xAF,0,0,4,2},
{0xB2,0,0,6,1},
{0xB3,0,0,7,1},
{0xB4,0,0,8,2},
{0xB5,0,0,10,1},
{0xB8,0,0,11,2},
{0xB9,0,0,13,1},
{0xBA,0,0,14,1},
{0xBC,0,0,15,3},
{0xBD,0,0,18,3},
{0xBE,0,0,21,3},
{0xC0,24,2,24,2},
{0xC1,26,2,26,2},
{0xC2,28,2,28,2},
{0xC3,30,2,30,2},
{0xC4,32,2,32,2},
{0xC5,34,2,34,2},
{0xC7,36,2,36,2},
{0xC8,38,2,38,2},
{0xC9,40,2,40,2},
{0xCA,42,2,42,2},
{0xCB,44,2,44,2},
{0xCC,46,2,46,2},
{0xCD,48,2,48,2},
{0xCE,50,2,50,2},
{0xCF,52,2,52,2},
{0xD1,54,2,54,2},
{0xD2,56,2,56,2},
{0xD3,58,2,58,2},
{0xD4,60,2,60,2},
{0xD5,62,2,62,2},
{0xD6,64,2,64,2},
{0xD9,66,2,66,2},
{0xDA,68,2,68,2},
{0xDB,70,2,70,2},
{0xDC,72,2,72,2},
{0xDD,74,2,74,2},
{0xE0,76,2,76,2},
{0xE1,78,2,78,2},
{0xE2,80,2,80,2},
{0xE3,82,2,82,2},
{0xE4,84,2,84,2},
{0xE5,86,2,86,2},
{0xE7,88,2,88,2},
{0xE8,90,2,90,2},
{0xE9,92,2,92,2},
{0xEA,94,2,94,2},
{0xEB,96,2,96,2},
{0xEC,98,2,98,2},
{0xED,100,2,100,2},
{0xEE,102,2,102,2},
{0xEF,104,2,104,2},
{0xF1,106,2,106,2},
{0xF2,108,2,108,2},
{0xF3,110,2,110,2},
{0xF4,112,2,112,2},
{0xF5,114,2,114,2},
{0xF6,116,2,116,2},
{0xF9,118,2,118,2},
{0xFA,120,2,120,2},
{0xFB,122,2,122,2},
{0xFC,124,2,124,2},
{0xFD,126,2,126,2},
{0xFF,128,2,128,2},
{0x100,130,2,130,2},
{0x101,132,2,132,2},
{0x102,134,2,134,2},
{0x103,136,2,136,2},
{0x104,138,2,138,2},
{0x105,140,2,140,2},
{0x106,142,2,142,2},
{0x107,144,2,144,2},
{0x108,146,2,146,2},
{0x109,148,2,148,2},
{0x10A,150,2,150,2},
{0x10B,152,2,152,2},
{0x10C,154,2,154,2},
{0x10D,156,2,156,2},
{0x10E,158,2,158,2},
{0x10F,160,2,160,2},
{0x112,162,2,162,2},
{0x113,164,2,164,2},
{0x114,166,2,166,2},
{0x115,168,2,168,2},
{0x116,170,2,170,2},
{0x117,172,2,172,2},
{0x118,174,2,174,2},
{0x119,176,2,176,2},
{0x11A,178,2,178,2},
{0x11B,180,2,180,2},
{0x11C,182,2,182,2},
{0x11D,184,2,184,2},
{0x11E,186,2,186,2},
{0x11F,188,2,188,2},
{0x120,190,2,190,2},
{0x121,192,2,192,2},
{0x122,194,2,194,2},
{0x123,196,2,196,2},
{0x124,198,2,198,2},
{0x125,200,2,200,2},
{0x128,202,2,202,2},
{0x129,204,2,204,2},
{0x12A,206,2,206,2},
{0x12B,208,2,208,2},
{0x12C,210,2,210,2},
{0x12D,212,2,212,2},
{0x12E,214,2,214,2},
{0x12F,216,2,216,2},
{0x130,218,2,218,2},
{0x132,0,0,220,2},
{0x133,0,0,222,2},
{0x134,224,2,224,2},
{0x135,226,2,226,2},
{0x136,228,2,228,2},
{0x137,230,2,230,2},
{0x139,232,2,232,2},
{0x13A,234,2,234,2},
{0x13B,236,2,236,2},
{0x13C,238,2,238,2},
{0x13D,240,2,240,2},
{0x13E,242,2,242,2},
{0x13F,0,0,244,2},
{0x140,0,0,246,2},
{0x143,248,2,248,2},
{0x144,250,2,250,2},
{0x145,252,2,252,2},
{0x146,254,2,254,2},
{0x147,256,2,256,2},
{0x148,258,2,258,2},
{0x149,0,0,260,2},
{0x14C,262,2,262,2},
{0x14D,264,2,264,2},
{0x14E,266,2,266,2},
{0x14F,268,2,268,2},
{0x150,270,2,270,2},
{0x151,272,2,272,2},
{0x154,274,2,274,2},
{0x155,276,2,276,2},
{0x156,278,2,278,2},
{0x157,280,2,280,2},
{0x158,282,2,282,2},
{0x159,284,2,284,2},
{0x15A,286,2,286,2},
{0x15B,288,2,288,2},
{0x15C,290,2,290,2},
{0x15D,292,2,292,2},
{0x15E,294,2,294,2},
{0x15F,296,2,296,2},
{0x160,298,2,298,2},
{0x161,300,2,300,2},
{0x162,302,2,302,2},
{0x163,304,2,304,2},
{0x164,306,2,306,2},
{0x165,308,2,308,2},
{0x168,310,2,310,2},
{0x169,312,2,312,2},
{0x16A,314,2,314,2},
{0x16B,316,2,316,2},
{0x16C,318,2,318,2},
{0x16D,320,2,320,2},
{0x16E,322,2,322,2},
{0x16F,324,2,324,2},
{0x170,326,2,326,2},
{0x171,328,2,328,2},
{0x172,330,2,330,2},
{0x173,332,2,332,2},
{0x174,334,2,334,2},
{0x175,336,2,336,2},
{0x176,338,2,338,2},
{0x177,340,2,340,2},
{0x178,342,2,342,2},
{0x179,344,2,344,2},
{0x17A,346,2,346,2},
{0x17B,348,2,348,2},
{0x17C,350,2,350,2},
{0x17D,352,2,352,2},
{0x17E,354,2,354,2},
{0x17F,0,0,356,1},
{0x1A0,357,2,357,2},
{0x1A1,359,2,359,2},
{0x1AF,361,2,361,2},
{0x1B0,363,2,363,2},
{0x1C4,0,0,365,3},
{0x1C5,0,0,368,3},
{0x1C6,0,0,371,3},
{0x1C7,0,0,374,2},
{0x1C8,0,0,376,2},
{0x1C9,0,0,378,2},
{0x1CA,0,0,380,2},
{0x1CB,0,0,382,2},
{0x1CC,0,0,384,2},
{0x1CD,386,2,386,2},
{0x1CE,388,2,388,2},
{0x1CF,390,2,390,2},
{0x1D0,392,2,392,2},
{0x1D1,394,2,394,2},
{0x1D2,396,2,396,2},
{0x1D3,398,2,398,2},
{0x1D4,400,2,400,2},
{0x1D5,402,3,402,3},
{0x1D6,405,3,405,3},
{0x1D7,408,3,408,3},
{0x1D8,411,3,411,3},
{0x1D9,414,3,414,3},
{0x1DA,417,3,417,3},
{0x1DB,420,3,420,3},
{0x1DC,423,3,423,3},
{0x1DE,426,3,426,3},
{0x1DF,429,3,429,3},
{0x1E0,432,3,432,3},
{0x1E1,435,3,435,3},
{0x1E2,438,2,438,2},
{0x1E3,440,2,440,2},
{0x1E6,442,2,442,2},
{0x1E7,444,2,444,2},
{0x1E8,446,2,446,2},
{0x1E9,448,2,448,2},
{0x1EA,450,2,450,2},
{0x1EB,452,2,452,2},
{0x1EC,454,3,454,3},
{0x1ED,457,3,457,3},
{0x1EE,460,2,460,2},
{0x1EF,462,2,462,2},
{0x1F0,464,2,464,2},
{0x1F1,0,0,466,2},
{0x1F2,0,0,468,2},
{0x1F3,0,0,470,2},
{0x1F4,472,2,472,2},
{0x1F5,474,2,474,2},
{0x1F8,476,2,476,2},
{0x1F9,478,2,478,2},
{0x1FA,480,3,480,3},
{0x1FB,483,3,483,3},
{0x1FC,486,2,486,2},
{0x1FD,488,2,488,2},
{0x1FE,490,2,490,2},
{0x1FF,492,2,492,2},
{0x200,494,2,494,2},
{0x201,496,2,496,2},
{0x202,498,2,498,2},
{0x203,500,2,500,2},
{0x204,502,2,502,2},
{0x205,504,2,504,2},
{0x206,506,2,506,2},
{0x207,508,2,508,2},
{0x208,510,2,510,2},
{0x209,512,2,512,2},
{0x20A,514,2,514,2},
{0x20B,516,2,516,2},
{0x20C,518,2,518,2},
{0x20D,520,2,520,2},
{0x20E,522,2,522,2},
{0x20F,524,2,524,2},
{0x210,526,2,526,2},
{0x211,528,2,528,2},
{0x212,530,2,530,2},
{0x213,532,2,532,2},
{0x214,534,2,534,2},
{0x215,536,2,536,2},
{0x216,538,2,538,2},
{0x217,540,2,540,2},
{0x218,542,2,542,2},
{0x219,544,2,544,2},
{0x21A,546,2,546,2},
{0x21B,548,2,548,2},
{0x21E,550,2,550,2},
{0x21F,552,2,552,2},
{0x226,554,2,554,2},
{0x227,556,2,556,2},
{0x228,558,2,558,2},
{0x229,560,2,560,2},
{0x22A,562,3,562,3},
{0x22B,565,3,565,3},
{0x22C,568,3,568,3},
{0x22D,571,3,571,3},
{0x22E,574,2,574,2},
{0x22F,576,2,576,2},
{0x230,578,3,578,3},
{0x231,581,3,581,3},
{0x232,584,2,584,2},
{0x233,586,2,586,2},
{0x2B0,0,0,588,1},
{0x2B1,0,0,589,1},
{0x2B2,0,0,590,1},
{0x2B3,0,0,591,1},
{0x2B4,0,0,592,1},
{0x2B5,0,0,593,1},
{0x2B6,0,0,594,1},
{0x2B7,0,0,595,1},
{0x2B8,0,0,596,1},
{0x2D8,0,0,597,2},
{0x2D9,0,0,599,2},
{0x2DA,0,0,601,2},
{0x2DB,0,0,603,2},
{0x2DC,0,0,605,2},
{0x2DD,0,0,607,2},
{0x2E0,0,0,609,1},
{0x2E1,0,0,610,1},
{0x2E2,0,0,611,1},
{0x2E3,0,0,612,1},
{0x2E4,0,0,613,1},
{0x340,614,1,614,1},
{0x341,615,1,615,1},
{0x343,616,1,616,1},
{0x344,617,2,617,2},
{0x374,619,1,619,1},
{0x37A,0,0,620,2},
{0x37E,622,1,622,1},
{0x384,0,0,623,2},
{0x385,625,2,627,3},
{0x386,630,2,630,2},
{0x387,632,1,632,1},
{0x388,633,2,633,2},
{0x389,635,2,635,2},
{0x38A,637,2,637,2},
{0x38C,639,2,639,2},
{0x38E,641,2,641,2},
{0x38F,643,2,643,2},
{0x390,645,3,645,3},
{0x3AA,648,2,648,2},
{0x3AB,650,2,650,2},
{0x3AC,652,2,652,2},
{0x3AD,654,2,654,2},
{0x3AE,656,2,656,2},
{0x3AF,658,2,658,2},
{0x3B0,660,3,660,3},
{0x3CA,663,2,663,2},
{0x3CB,665,2,665,2},
{0x3CC,667,2,667,2},
{0x3CD,669,2,669,2},
{0x3CE,671,2,671,2},
{0x3D0,0,0,673,1},
{0x3D1,0,0,674,1},
{0x3D2,0,0,675,1},
{0x3D3,676,2,678,2},
{0x3D4,680,2,682,2},
{0x3D5,0,0,684,1},
{0x3D6,0,0,685,1},
{0x3F0,0,0,686,1},
{0x3F1,0,0,687,1},
{0x3F2,0,0,688,1},
{0x3F4,0,0,689,1},
{0x3F5,0,0,690,1},
{0x3F9,0,0,691,1},
{0x400,692,2,692,2},
{0x401,694,2,694,2},
{0x403,696,2,696,2},
{0x407,698,2,698,2},
{0x40C,700,2,700,2},
{0x40D,702,2,702,2},
{0x40E,704,2,704,2},
{0x419,706,2,706,2},
{0x439,708,2,708,2},
{0x450,710,2,710,2},
{0x451,712,2,712,2},
{0x453,714,2,714,2},
{0x457,716,2,716,2},
{0x45C,718,2,718,2},
{0x45D,720,2,720,2},
{0x45E,722,2,722,2},
{0x476,724,2,724,2},
{0x477,726,2,726,2},
{0x4C1,728,2,728,2},
{0x4C2,730,2,730,2},
{0x4D0,732,2,732,2},
{0x4D1,734,2,734,2},
{0x4D2,736,2,736,2},
{0x4D3,738,2,738,2},
{0x4D6,740,2,740,2},
{0x4D7,742,2,742,2},
{0x4DA,744,2,744,2},
{0x4DB,746,2,746,2},
{0x4DC,748,2,748,2},
{0x4DD,750,2,750,2},
{0x4DE,752,2,752,2},
{0x4DF,754,2,754,2},
{0x4E2,756,2,756,2},
{0x4E3,758,2,758,2},
{0x4E4,760,2,760,2},
{0x4E5,762,2,762,2},
{0x4E6,764,2,764,2},
{0x4E7,766,2,766,2},
{0x4EA,768,2,768,2},
{0x4EB,770,2,770,2},
{0x4EC,772,2,772,2},
{0x4ED,774,2,774,2},
{0x4EE,776,2,776,2},
{0x4EF,778,2,778,2},
{0x4F0,780,2,780,2},
{0x4F1,782,2,782,2},
{0x4F2,784,2,784,2},
{0x4F3,786,2,786,2},
{0x4F4,788,2,788,2},
{0x4F5,790,2,790,2},
{0x4F8,792,2,792,2},
{0x4F9,794,2,794,2},
{0x587,0,0,796,2},
{0x622,798,2,798,2},
{0x623,800,2,800,2},
{0x624,802,2,802,2},
{0x625,804,2,804,2},
{0x626,806,2,806,2},
{0x675,0,0,808,2},
{0x676,0,0,810,2},
{0x677,0,0,812,2},
{0x678,0,0,814,2},
{0x6C0,816,2,816,2},
{0x6C2,818,2,818,2},
{0x6D3,820,2,820,2},
{0x929,822,2,822,2},
{0x931,824,2,824,2},
{0x934,826,2,826,2},
{0x958,828,2,828,2},
{0x959,830,2,830,2},
{0x95A,832,2,832,2},
{0x95B,834,2,834,2},
{0x95C,836,2,836,2},
{0x95D,838,2,838,2},
{0x95E,840,2,840,2},
{0x95F,842,2,842,2},
{0x9CB,844,2,844,2},
{0x9CC,846,2,846,2},
{0x9DC,848,2,848,2},
{0x9DD,850,2,850,2},
{0x9DF,852,2,852,2},
{0xA33,854,2,854,2},
{0xA36,856,2,856,2},
{0xA59,858,2,858,2},
{0xA5A,860,2,860,2},
{0xA5B,862,2,862,2},
{0xA5E,864,2,864,2},
{0xB48,866,2,866,2},
{0xB4B,868,2,868,2},
{0xB4C,870,2,870,2},
{0xB5C,872,2,872,2},
{0xB5D,874,2,874,2},
{0xB94,876,2,876,2},
{0xBCA,878,2,878,2},
{0xBCB,880,2,880,2},
{0xBCC,882,2,882,2},
{0xC48,884,2,884,2},
{0xCC0,886,2,886,2},
{0xCC7,888,2,888,2},
{0xCC8,890,2,890,2},
{0xCCA,892,2,892,2},
{0xCCB,894,3,894,3},
{0xD4A,897,2,897,2},
{0xD4B,899,2,899,2},
{0xD4C,901,2,901,2},
{0xDDA,903,2,903,2},
{0xDDC,905,2,905,2},
{0xDDD,907,3,907,3},
{0xDDE,910,2,910,2},
{0xE33,0,0,912,2},
{0xEB3,0,0,914,2},
{0xEDC,0,0,916,2},
{0xEDD,0,0,918,2},
{0xF0C,0,0,920,1},
{0xF43,921,2,921,2},
{0xF4D,923,2,923,2},
{0xF52,925,2,925,2},
{0xF57,927,2,927,2},
{0xF5C,929,2,929,2},
{0xF69,931,2,931,2},
{0xF73,933,2,933,2},
{0xF75,935,2,935,2},
{0xF76,937,2,937,2},
{0xF77,0,0,939,3},
{0xF78,942,2,942,2},
{0xF79,0,0,944,3},
{0xF81,947,2,947,2},
{0xF93,949,2,949,2},
{0xF9D,951,2,951,2},
{0xFA2,953,2,953,2},
{0xFA7,955,2,955,2},
{0xFAC,957,2,957,2},
{0xFB9,959,2,959,2},
{0x1026,961,2,961,2},
{0x10FC,0,0,963,1},
{0x1B06,964,2,964,2},
{0x1B08,966,2,966,2},
{0x1B0A,968,2,968,2},
{0x1B0C,970,2,970,2},
{0x1B0E,972,2,972,2},
{0x1B12,974,2,974,2},
{0x1B3B,976,2,976,2},
{0x1B3D,978,2,978,2},
{0x1B40,980,2,980,2},
{0x1B41,982,2,982,2},
{0x1B43,984,2,984,2},
{0x1D2C,0,0,986,1},
{0x1D2D,0,0,987,1},
{0x1D2E,0,0,988,1},
{0x1D30,0,0,989,1},
{0x1D31,0,0,990,1},
{0x1D32,0,0,991,1},
{0x1D33,0,0,992,1},
{0x1D34,0,0,993,1},
{0x1D35,0,0,994,1},
{0x1D36,0,0,995,1},
{0x1D37,0,0,996,1},
{0x1D38,0,0,997,1},
{0x1D39,0,0,998,1},
{0x1D3A,0,0,999,1},
{0x1D3C,0,0,1000,1},
{0x1D3D,0,0,1001,1},
{0x1D3E,0,0,1002,1},
{0x1D3F,0,0,1003,1},
{0x1D40,0,0,1004,1},
{0x1D41,0,0,1005,1},
{0x1D42,0,0,1006,1},
{0x1D43,0,0,1007,1},
{0x1D44,0,0,1008,1},
{0x1D45,0,0,1009,1},
{0x1D46,0,0,1010,1},
{0x1D47,0,0,1011,1},
{0x1D48,0,0,1012,1},
{0x1D49,0,0,1013,1},
{0x1D4A,0,0,1014,1},
{0x1D4B,0,0,1015,1},
{0x1D4C,0,0,1016,1},
{0x1D4D,0,0,1017,1},
{0x1D4F,0,0,1018,1},
{0x1D50,0,0,1019,1},
{0x1D51,0,0,1020,1},
{0x1D52,0,0,1021,1},
{0x1D53,0,0,1022,1},
{0x1D54,0,0,1023,1},
{0x1D55,0,0,1024,1},
{0x1D56,0,0,1025,1},
{0x1D57,0,0,1026,1},
{0x1D58,0,0,1027,1},
{0x1D59,0,0,1028,1},
{0x1D5A,0,0,1029,1},
{0x1D5B,0,0,1030,1},
{0x1D5C,0,0,1031,1},
{0x1D5D,0,0,1032,1},
{0x1D5E,0,0,1033,1},
{0x1D5F,0,0,1034,1},
{0x1D60,0,0,1035,1},
{0x1D61,0,0,1036,1},
{0x1D62,0,0,1037,1},
{0x1D63,0,0,1038,1},
{0x1D64,0,0,1039,1},
{0x1D65,0,0,1040,1},
{0x1D66,0,0,1041,1},
{0x1D67,0,0,1042,1},
{0x1D68,0,0,1043,1},
{0x1D69,0,0,1044,1},
{0x1D6A,0,0,1045,1},
{0x1D78,0,0,1046,1},
{0x1D9B,0,0,1047,1},
{0x1D9C,0,0,1048,1},
{0x1D9D,0,0,1049,1},
{0x1D9E,0,0,1050,1},
{0x1D9F,0,0,1051,1},
{0x1DA0,0,0,1052,1},
{0x1DA1,0,0,1053,1},
{0x1DA2,0,0,1054,1},
{0x1DA3,0,0,1055,1},
{0x1DA4,0,0,1056,1},
{0x1DA5,0,0,1057,1},
{0x1DA6,0,0,1058,1},
{0x1DA7,0,0,1059,1},
{0x1DA8,0,0,1060,1},
{0x1DA9,0,0,1061,1},
{0x1DAA,0,0,1062,1},
{0x1DAB,0,0,1063,1},
{0x1DAC,0,0,1064,1},
{0x1DAD,0,0,1065,1},
{0x1DAE,0,0,1066,1},
{0x1DAF,0,0,1067,1},
{0x1DB0,0,0,1068,1},
{0x1DB1,0,0,1069,1},
{0x1DB2,0,0,1070,1},
{0x1DB3,0,0,1071,1},
{0x1DB4,0,0,1072,1},
{0x1DB5,0,0,1073,1},
{0x1DB6,0,0,1074,1},
{0x1DB7,0,0,1075,1},
{0x1DB8,0,0,1076,1},
{0x1DB9,0,0,1077,1},
{0x1DBA,0,0,1078,1},
{0x1DBB,0,0,1079,1},
{0x1DBC,0,0,1080,1},
{0x1DBD,0,0,1081,1},
{0x1DBE,0,0,1082,1},
{0x1DBF,0,0,1083,1},
{0x1E00,1084,2,1084,2},
{0x1E01,1086,2,1086,2},
{0x1E02,1088,2,1088,2},
{0x1E03,1090,2,1090,2},
{0x1E04,1092,2,1092,2},
{0x1E05,1094,2,1094,2},
{0x1E06,1096,2,1096,2},
{0x1E07,1098,2,1098,2},
{0x1E08,1100,3,1100,3},
{0x1E09,1103,3,1103,3},
{0x1E0A,1106,2,1106,2},
{0x1E0B,1108,2,1108,2},
{0x1E0C,1110,2,1110,2},
{0x1E0D,1112,2,1112,2},
{0x1E0E,1114,2,1114,2},
{0x1E0F,1116,2,1116,2},
{0x1E10,1118,2,1118,2},
{0x1E11,1120,2,1120,2},
{0x1E12,1122,2,1122,2},
{0x1E13,1124,2,1124,2},
{0x1E14,1126,3,1126,3},
{0x1E15,1129,3,1129,3},
{0x1E16,1132,3,1132,3},
{0x1E17,1135,3,1135,3},
{0x1E18,1138,2,1138,2},
{0x1E19,1140,2,1140,2},
{0x1E1A,1142,2,1142,2},
{0x1E1B,1144,2,1144,2},
{0x1E1C,1146,3,1146,3},
{0x1E1D,1149,3,1149,3},
{0x1E1E,1152,2,1152,2},
{0x1E1F,1154,2,1154,2},
{0x1E20,1156,2,1156,2},
{0x1E21,1158,2,1158,2},
{0x1E22,1160,2,1160,2},
{0x1E23,1162,2,1162,2},
{0x1E24,1164,2,1164,2},
{0x1E25,1166,2,1166,2},
{0x1E26,1168,2,1168,2},
{0x1E27,1170,2,1170,2},
{0x1E28,1172,2,1172,2},
{0x1E29,1174,2,1174,2},
{0x1E2A,1176,2,1176,2},
{0x1E2B,1178,2,1178,2},
{0x1E2C,1180,2,1180,2},
{0x1E2D,1182,2,1182,2},
{0x1E2E,1184,3,1184,3},
{0x1E2F,1187,3,1187,3},
{0x1E30,1190,2,1190,2},
{0x1E31,1192,2,1192,2},
{0x1E32,1194,2,1194,2},
{0x1E33,1196,2,1196,2},
{0x1E34,1198,2,1198,2},
{0x1E35,1200,2,1200,2},
{0x1E36,1202,2,1202,2},
{0x1E37,1204,2,1204,2},
{0x1E38,1206,3,1206,3},
{0x1E39,1209,3,1209,3},
{0x1E3A,1212,2,1212,2},
{0x1E3B,1214,2,1214,2},
{0x1E3C,1216,2,1216,2},
{0x1E3D,1218,2,1218,2},
{0x1E3E,1220,2,1220,2},
{0x1E3F,1222,2,1222,2},
{0x1E40,1224,2,1224,2},
{0x1E41,1226,2,1226,2},
{0x1E42,1228,2,1228,2},
{0x1E43,1230,2,1230,2},
{0x1E44,1232,2,1232,2},
{0x1E45,1234,2,1234,2},
{0x1E46,1236,2,1236,2},
{0x1E47,1238,2,1238,2},
{0x1E48,1240,2,1240,2},
{0x1E49,1242,2,1242,2},
{0x1E4A,1244,2,1244,2},
{0x1E4B,1246,2,1246,2},
{0x1E4C,1248,3,1248,3},
{0x1E4D,1251,3,1251,3},
{0x1E4E,1254,3,1254,3},
{0x1E4F,1257,3,1257,3},
{0x1E50,1260,3,1260,3},
{0x1E51,1263,3,1263,3},
{0x1E52,1266,3,1266,3},
{0x1E53,1269,3,1269,3},
{0x1E54,1272,2,1272,2},
{0x1E55,1274,2,1274,2},
{0x1E56,1276,2,1276,2},
{0x1E57,1278,2,1278,2},
{0x1E58,1280,2,1280,2},
{0x1E59,1282,2,1282,2},
{0x1E5A,1284,2,1284,2},
{0x1E5B,1286,2,1286,2},
{0x1E5C,1288,3,1288,3},
{0x1E5D,1291,3,1291,3},
{0x1E5E,1294,2,1294,2},
{0x1E5F,1296,2,1296,2},
{0x1E60,1298,2,1298,2},
{0x1E61,1300,2,1300,2},
{0x1E62,1302,2,1302,2},
{0x1E63,1304,2,1304,2},
{0x1E64,1306,3,1306,3},
{0x1E65,1309,3,1309,3},
{0x1E66,1312,3,1312,3},
{0x1E67,1315,3,1315,3},
{0x1E68,1318,3,1318,3},
{0x1E69,1321,3,1321,3},
{0x1E6A,1324,2,1324,2},
{0x1E6B,1326,2,1326,2},
{0x1E6C,1328,2,1328,2},
{0x1E6D,1330,2,1330,2},
{0x1E6E,1332,2,1332,2},
{0x1E6F,1334,2,1334,2},
{0x1E70,1336,2,1336,2},
{0x1E71,1338,2,1338,2},
{0x1E72,1340,2,1340,2},
{0x1E73,1342,2,1342,2},
{0x1E74,1344,2,1344,2},
{0x1E75,1346,2,1346,2},
{0x1E76,1348,2,1348,2},
{0x1E77,1350,2,1350,2},
{0x1E78,1352,3,1352,3},
{0x1E79,1355,3,1355,3},
{0x1E7A,1358,3,1358,3},
{0x1E7B,1361,3,1361,3},
{0x1E7C,1364,2,1364,2},
{0x1E7D,1366,2,1366,2},
{0x1E7E,1368,2,1368,2},
{0x1E7F,1370,2,1370,2},
{0x1E80,1372,2,1372,2},
{0x1E81,1374,2,1374,2},
{0x1E82,1376,2,1376,2},
{0x1E83,1378,2,1378,2},
{0x1E84,1380,2,1380,2},
{0x1E85,1382,2,1382,2},
{0x1E86,1384,2,1384,2},
{0x1E87,1386,2,1386,2},
{0x1E88,1388,2,1388,2},
{0x1E89,1390,2,1390,2},
{0x1E8A,1392,2,1392,2},
{0x1E8B,1394,2,1394,2},
{0x1E8C,1396,2,1396,2},
{0x1E8D,1398,2,1398,2},
{0x1E8E,1400,2,1400,2},
{0x1E8F,1402,2,1402,2},
{0x1E90,1404,2,1404,2},
{0x1E91,1406,2,1406,2},
{0x1E92,1408,2,1408,2},
{0x1E93,1410,2,1410,2},
{0x1E94,1412,2,1412,2},
{0x1E95,1414,2,1414,2},
{0x1E96,1416,2,1416,2},
{0x1E97,1418,2,1418,2},
{0x1E98,1420,2,1420,2},
{0x1E99,1422,2,1422,2},
{0x1E9A,0,0,1424,2},
{0x1E9B,1426,2,1428,2},
{0x1EA0,1430,2,1430,2},
{0x1EA1,1432,2,1432,2},
{0x1EA2,1434,2,1434,2},
{0x1EA3,1436,2,1436,2},
{0x1EA4,1438,3,1438,3},
{0x1EA5,1441,3,1441,3},
{0x1EA6,1444,3,1444,3},
{0x1EA7,1447,3,1447,3},
{0x1EA8,1450,3,1450,3},
{0x1EA9,1453,3,1453,3},
{0x1EAA,1456,3,1456,3},
{0x1EAB,1459,3,1459,3},
{0x1EAC,1462,3,1462,3},
{0x1EAD,1465,3,1465,3},
{0x1EAE,1468,3,1468,3},
{0x1EAF,1471,3,1471,3},
{0x1EB0,1474,3,1474,3},
{0x1EB1,1477,3,1477,3},
{0x1EB2,1480,3,1480,3},
{0x1EB3,1483,3,1483,3},
{0x1EB4,1486,3,1486,3},
{0x1EB5,1489,3,1489,3},
{0x1EB6,1492,3,1492,3},
{0x1EB7,1495,3,1495,3},
{0x1EB8,1498,2,1498,2},
{0x1EB9,1500,2,1500,2},
{0x1EBA,1502,2,1502,2},
{0x1EBB,1504,2,1504,2},
{0x1EBC,1506,2,1506,2},
{0x1EBD,1508,2,1508,2},
{0x1EBE,1510,3,1510,3},
{0x1EBF,1513,3,1513,3},
{0x1EC0,1516,3,1516,3},
{0x1EC1,1519,3,1519,3},
{0x1EC2,1522,3,1522,3},
{0x1EC3,1525,3,1525,3},
{0x1EC4,1528,3,1528,3},
{0x1EC5,1531,3,1531,3},
{0x1EC6,1534,3,1534,3},
{0x1EC7,1537,3,1537,3},
{0x1EC8,1540,2,1540,2},
{0x1EC9,1542,2,1542,2},
{0x1ECA,1544,2,1544,2},
{0x1ECB,1546,2,1546,2},
{0x1ECC,1548,2,1548,2},
{0x1ECD,1550,2,1550,2},
{0x1ECE,1552,2,1552,2},
{0x1ECF,1554,2,1554,2},
{0x1ED0,1556,3,1556,3},
{0x1ED1,1559,3,1559,3},
{0x1ED2,1562,3,1562,3},
{0x1ED3,1565,3,1565,3},
{0x1ED4,1568,3,1568,3},
{0x1ED5,1571,3,1571,3},
{0x1ED6,1574,3,1574,3},
{0x1ED7,1577,3,1577,3},
{0x1ED8,1580,3,1580,3},
{0x1ED9,1583,3,1583,3},
{0x1EDA,1586,3,1586,3},
{0x1EDB,1589,3,1589,3},
{0x1EDC,1592,3,1592,3},
{0x1EDD,1595,3,1595,3},
{0x1EDE,1598,3,1598,3},
{0x1EDF,1601,3,1601,3},
{0x1EE0,1604,3,1604,3},
{0x1EE1,1607,3,1607,3},
{0x1EE2,1610,3,1610,3},
{0x1EE3,1613,3,1613,3},
{0x1EE4,1616,2,1616,2},
{0x1EE5,1618,2,1618,2},
{0x1EE6,1620,2,1620,2},
{0x1EE7,1622,2,1622,2},
{0x1EE8,1624,3,1624,3},
{0x1EE9,1627,3,1627,3},
{0x1EEA,1630,3,1630,3},
{0x1EEB,1633,3,1633,3},
{0x1EEC,1636,3,1636,3},
{0x1EED,1639,3,1639,3},
{0x1EEE,1642,3,1642,3},
{0x1EEF,1645,3,1645,3},
{0x1EF0,1648,3,1648,3},
{0x1EF1,1651,3,1651,3},
{0x1EF2,1654,2,1654,2},
{0x1EF3,1656,2,1656,2},
{0x1EF4,1658,2,1658,2},
{0x1EF5,1660,2,1660,2},
{0x1EF6,1662,2,1662,2},
{0x1EF7,1664,2,1664,2},
{0x1EF8,1666,2,1666,2},
{0x1EF9,1668,2,1668,2},
{0x1F00,1670,2,1670,2},
{0x1F01,1672,2,1672,2},
{0x1F02,1674,3,1674,3},
{0x1F03,1677,3,1677,3},
{0x1F04,1680,3,1680,3},
{0x1F05,1683,3,1683,3},
{0x1F06,1686,3,1686,3},
{0x1F07,1689,3,1689,3},
{0x1F08,1692,2,1692,2},
{0x1F09,1694,2,1694,2},
{0x1F0A,1696,3,1696,3},
{0x1F0B,1699,3,1699,3},
{0x1F0C,1702,3,1702,3},
{0x1F0D,1705,3,1705,3},
{0x1F0E,1708,3,1708,3},
{0x1F0F,1711,3,1711,3},
{0x1F10,1714,2,1714,2},
{0x1F11,1716,2,1716,2},
{0x1F12,1718,3,1718,3},
{0x1F13,1721,3,1721,3},
{0x1F14,1724,3,1724,3},
{0x1F15,1727,3,1727,3},
{0x1F18,1730,2,1730,2},
{0x1F19,1732,2,1732,2},
{0x1F1A,1734,3,1734,3},
{0x1F1B,1737,3,1737,3},
{0x1F1C,1740,3,1740,3},
{0x1F1D,1743,3,1743,3},
{0x1F20,1746,2,1746,2},
{0x1F21,1748,2,1748,2},
{0x1F22,1750,3,1750,3},
{0x1F23,1753,3,1753,3},
{0x1F24,1756,3,1756,3},
{0x1F25,1759,3,1759,3},
{0x1F26,1762,3,1762,3},
{0x1F27,1765,3,1765,3},
{0x1F28,1768,2,1768,2},
{0x1F29,1770,2,1770,2},
{0x1F2A,1772,3,1772,3},
{0x1F2B,1775,3,1775,3},
{0x1F2C,1778,3,1778,3},
{0x1F2D,1781,3,1781,3},
{0x1F2E,1784,3,1784,3},
{0x1F2F,1787,3,1787,3},
{0x1F30,1790,2,1790,2},
{0x1F31,1792,2,1792,2},
{0x1F32,1794,3,1794,3},
{0x1F33,1797,3,1797,3},
{0x1F34,1800,3,1800,3},
{0x1F35,1803,3,1803,3},
{0x1F36,1806,3,1806,3},
{0x1F37,1809,3,1809,3},
{0x1F38,1812,2,1812,2},
{0x1F39,1814,2,1814,2},
{0x1F3A,1816,3,1816,3},
{0x1F3B,1819,3,1819,3},
{0x1F3C,1822,3,1822,3},
{0x1F3D,1825,3,1825,3},
{0x1F3E,1828,3,1828,3},
{0x1F3F,1831,3,1831,3},
{0x1F40,1834,2,1834,2},
{0x1F41,1836,2,1836,2},
{0x1F42,1838,3,1838,3},
{0x1F43,1841,3,1841,3},
{0x1F44,1844,3,1844,3},
{0x1F45,1847,3,1847,3},
{0x1F48,1850,2,1850,2},
{0x1F49,1852,2,1852,2},
{0x1F4A,1854,3,1854,3},
{0x1F4B,1857,3,1857,3},
{0x1F4C,1860,3,1860,3},
{0x1F4D,1863,3,1863,3},
{0x1F50,1866,2,1866,2},
{0x1F51,1868,2,1868,2},
{0x1F52,1870,3,1870,3},
{0x1F53,1873,3,1873,3},
{0x1F54,1876,3,1876,3},
{0x1F55,1879,3,1879,3},
{0x1F56,1882,3,1882,3},
{0x1F57,1885,3,1885,3},
{0x1F59,1888,2,1888,2},
{0x1F5B,1890,3,1890,3},
{0x1F5D,1893,3,1893,3},
{0x1F5F,1896,3,1896,3},
{0x1F60,1899,2,1899,2},
{0x1F61,1901,2,1901,2},
{0x1F62,1903,3,1903,3},
{0x1F63,1906,3,1906,3},
{0x1F64,1909,3,1909,3},
{0x1F65,1912,3,1912,3},
{0x1F66,1915,3,1915,3},
{0x1F67,1918,3,1918,3},
{0x1F68,1921,2,1921,2},
{0x1F69,1923,2,1923,2},
{0x1F6A,1925,3,1925,3},
{0x1F6B,1928,3,1928,3},
{0x1F6C,1931,3,1931,3},
{0x1F6D,1934,3,1934,3},
{0x1F6E,1937,3,1937,3},
{0x1F6F,1940,3,1940,3},
{0x1F70,1943,2,1943,2},
{0x1F71,1945,2,1945,2},
{0x1F72,1947,2,1947,2},
{0x1F73,1949,2,1949,2},
{0x1F74,1951,2,1951,2},
{0x1F75,1953,2,1953,2},
{0x1F76,1955,2,1955,2},
{0x1F77,1957,2,1957,2},
{0x1F78,1959,2,1959,2},
{0x1F79,1961,2,1961,2},
{0x1F7A,1963,2,1963,2},
{0x1F7B,1965,2,1965,2},
{0x1F7C,1967,2,1967,2},
{0x1F7D,1969,2,1969,2},
{0x1F80,1971,3,1971,3},
{0x1F81,1974,3,1974,3},
{0x1F82,1977,4,1977,4},
{0x1F83,1981,4,1981,4},
{0x1F84,1985,4,1985,4},
{0x1F85,1989,4,1989,4},
{0x1F86,1993,4,1993,4},
{0x1F87,1997,4,1997,4},
{0x1F88,2001,3,2001,3},
{0x1F89,2004,3,2004,3},
{0x1F8A,2007,4,2007,4},
{0x1F8B,2011,4,2011,4},
{0x1F8C,2015,4,2015,4},
{0x1F8D,2019,4,2019,4},
{0x1F8E,2023,4,2023,4},
{0x1F8F,2027,4,2027,4},
{0x1F90,2031,3,2031,3},
{0x1F91,2034,3,2034,3},
{0x1F92,2037,4,2037,4},
{0x1F93,2041,4,2041,4},
{0x1F94,2045,4,2045,4},
{0x1F95,2049,4,2049,4},
{0x1F96,2053,4,2053,4},
{0x1F97,2057,4,2057,4},
{0x1F98,2061,3,2061,3},
{0x1F99,2064,3,2064,3},
{0x1F9A,2067,4,2067,4},
{0x1F9B,2071,4,2071,4},
{0x1F9C,2075,4,2075,4},
{0x1F9D,2079,4,2079,4},
{0x1F9E,2083,4,2083,4},
{0x1F9F,2087,4,2087,4},
{0x1FA0,2091,3,2091,3},
{0x1FA1,2094,3,2094,3},
{0x1FA2,2097,4,2097,4},
{0x1FA3,2101,4,2101,4},
{0x1FA4,2105,4,2105,4},
{0x1FA5,2109,4,2109,4},
{0x1FA6,2113,4,2113,4},
{0x1FA7,2117,4,2117,4},
{0x1FA8,2121,3,2121,3},
{0x1FA9,2124,3,2124,3},
{0x1FAA,2127,4,2127,4},
{0x1FAB,2131,4,2131,4},
{0x1FAC,2135,4,2135,4},
{0x1FAD,2139,4,2139,4},
{0x1FAE,2143,4,2143,4},
{0x1FAF,2147,4,2147,4},
{0x1FB0,2151,2,2151,2},
{0x1FB1,2153,2,2153,2},
{0x1FB2,2155,3,2155,3},
{0x1FB3,2158,2,2158,2},
{0x1FB4,2160,3,2160,3},
{0x1FB6,2163,2,2163,2},
{0x1FB7,2165,3,2165,3},
{0x1FB8,2168,2,2168,2},
{0x1FB9,2170,2,2170,2},
{0x1FBA,2172,2,2172,2},
{0x1FBB,2174,2,2174,2},
{0x1FBC,2176,2,2176,2},
{0x1FBD,0,0,2178,2},
{0x1FBE,2180,1,2180,1},
{0x1FBF,0,0,2181,2},
{0x1FC0,0,0,2183,2},
{0x1FC1,2185,2,2187,3},
{0x1FC2,2190,3,2190,3},
{0x1FC3,2193,2,2193,2},
{0x1FC4,2195,3,2195,3},
{0x1FC6,2198,2,2198,2},
{0x1FC7,2200,3,2200,3},
{0x1FC8,2203,2,2203,2},
{0x1FC9,2205,2,2205,2},
{0x1FCA,2207,2,2207,2},
{0x1FCB,2209,2,2209,2},
{0x1FCC,2211,2,2211,2},
{0x1FCD,2213,2,2215,3},
{0x1FCE,2218,2,2220,3},
{0x1FCF,2223,2,2225,3},
{0x1FD0,2228,2,2228,2},
{0x1FD1,2230,2,2230,2},
{0x1FD2,2232,3,2232,3},
{0x1FD3,2235,3,2235,3},
{0x1FD6,2238,2,2238,2},
{0x1FD7,2240,3,2240,3},
{0x1FD8,2243,2,2243,2},
{0x1FD9,2245,2,2245,2},
{0x1FDA,2247,2,2247,2},
{0x1FDB,2249,2,2249,2},
{0x1FDD,2251,2,2253,3},
{0x1FDE,2256,2,2258,3},
{0x1FDF,2261,2,2263,3},
{0x1FE0,2266,2,2266,2},
{0x1FE1,2268,2,2268,2},
{0x1FE2,2270,3,2270,3},
{0x1FE3,2273,3,2273,3},
{0x1FE4,2276,2,2276,2},
{0x1FE5,2278,2,2278,2},
{0x1FE6,2280,2,2280,2},
{0x1FE7,2282,3,2282,3},
{0x1FE8,2285,2,2285,2},
{0x1FE9,2287,2,2287,2},
{0x1FEA,2289,2,2289,2},
{0x1FEB,2291,2,2291,2},
{0x1FEC,2293,2,2293,2},
{0x1FED,2295,2,2297,3},
{0x1FEE,2300,2,2302,3},
{0x1FEF,2305,1,2305,1},
{0x1FF2,2306,3,2306,3},
{0x1FF3,2309,2,2309,2},
{0x1FF4,2311,3,2311,3},
{0x1FF6,2314,2,2314,2},
{0x1FF7,2316,3,2316,3},
{0x1FF8,2319,2,2319,2},
{0x1FF9,2321,2,2321,2},
{0x1FFA,2323,2,2323,2},
{0x1FFB,2325,2,2325,2},
{0x1FFC,2327,2,2327,2},
{0x1FFD,2329,1,2330,2},
{0x1FFE,0,0,2332,2},
{0x2000,2334,1,2335,1},
{0x2001,2336,1,2337,1},
{0x2002,0,0,2338,1},
{0x2003,0,0,2339,1},
{0x2004,0,0,2340,1},
{0x2005,0,0,2341,1},
{0x2006,0,0,2342,1},
{0x2007,0,0,2343,1},
{0x2008,0,0,2344,1},
{0x2009,0,0,2345,1},
{0x200A,0,0,2346,1},
{0x2011,0,0,2347,1},
{0x2017,0,0,2348,2},
{0x2024,0,0,2350,1},
{0x2025,0,0,2351,2},
{0x2026,0,0,2353,3},
{0x202F,0,0,2356,1},
{0x2033,0,0,2357,2},
{0x2034,0,0,2359,3},
{0x2036,0,0,2362,2},
{0x2037,0,0,2364,3},
{0x203C,0,0,2367,2},
{0x203E,0,0,2369,2},
{0x2047,0,0,2371,2},
{0x2048,0,0,2373,2},
{0x2049,0,0,2375,2},
{0x2057,0,0,2377,4},
{0x205F,0,0,2381,1},
{0x2070,0,0,2382,1},
{0x2071,0,0,2383,1},
{0x2074,0,0,2384,1},
{0x2075,0,0,2385,1},
{0x2076,0,0,2386,1},
{0x2077,0,0,2387,1},
{0x2078,0,0,2388,1},
{0x2079,0,0,2389,1},
{0x207A,0,0,2390,1},
{0x207B,0,0,2391,1},
{0x207C,0,0,2392,1},
{0x207D,0,0,2393,1},
{0x207E,0,0,2394,1},
{0x207F,0,0,2395,1},
{0x2080,0,0,2396,1},
{0x2081,0,0,2397,1},
{0x2082,0,0,2398,1},
{0x2083,0,0,2399,1},
{0x2084,0,0,2400,1},
{0x2085,0,0,2401,1},
{0x2086,0,0,2402,1},
{0x2087,0,0,2403,1},
{0x2088,0,0,2404,1},
{0x2089,0,0,2405,1},
{0x208A,0,0,2406,1},
{0x208B,0,0,2407,1},
{0x208C,0,0,2408,1},
{0x208D,0,0,2409,1},
{0x208E,0,0,2410,1},
{0x2090,0,0,2411,1},
{0x2091,0,0,2412,1},
{0x2092,0,0,2413,1},
{0x2093,0,0,2414,1},
{0x2094,0,0,2415,1},
{0x2095,0,0,2416,1},
{0x2096,0,0,2417,1},
{0x2097,0,0,2418,1},
{0x2098,0,0,2419,1},
{0x2099,0,0,2420,1},
{0x209A,0,0,2421,1},
{0x209B,0,0,2422,1},
{0x209C,0,0,2423,1},
{0x20A8,0,0,2424,2},
{0x2100,0,0,2426,3},
{0x2101,0,0,2429,3},
{0x2102,0,0,2432,1},
{0x2103,0,0,2433,2},
{0x2105,0,0,2435,3},
{0x2106,0,0,2438,3},
{0x2107,0,0,2441,1},
{0x2109,0,0,2442,2},
{0x210A,0,0,2444,1},
{0x210B,0,0,2445,1},
{0x210C,0,0,2446,1},
{0x210D,0,0,2447,1},
{0x210E,0,0,2448,1},
{0x210F,0,0,2449,1},
{0x2110,0,0,2450,1},
{0x2111,0,0,2451,1},
{0x2112,0,0,2452,1},
{0x2113,0,0,2453,1},
{0x2115,0,0,2454,1},
{0x2116,0,0,2455,2},
{0x2119,0,0,2457,1},
{0x211A,0,0,2458,1},
{0x211B,0,0,2459,1},
{0x211C,0,0,2460,1},
{0x211D,0,0,2461,1},
{0x2120,0,0,2462,2},
{0x2121,0,0,2464,3},
{0x2122,0,0,2467,2},
{0x2124,0,0,2469,1},
{0x2126,2470,1,2470,1},
{0x2128,0,0,2471,1},
{0x212A,2472,1,2472,1},
{0x212B,2473,2,2473,2},
{0x212C,0,0,2475,1},
{0x212D,0,0,2476,1},
{0x212F,0,0,2477,1},
{0x2130,0,0,2478,1},
{0x2131,0,0,2479,1},
{0x2133,0,0,2480,1},
{0x2134,0,0,2481,1},
{0x2135,0,0,2482,1},
{0x2136,0,0,2483,1},
{0x2137,0,0,2484,1},
{0x2138,0,0,2485,1},
{0x2139,0,0,2486,1},
{0x213B,0,0,2487,3},
{0x213C,0,0,2490,1},
{0x213D,0,0,2491,1},
{0x213E,0,0,2492,1},
{0x213F,0,0,2493,1},
{0x2140,0,0,2494,1},
{0x2145,0,0,2495,1},
{0x2146,0,0,2496,1},
{0x2147,0,0,2497,1},
{0x2148,0,0,2498,1},
{0x2149,0,0,2499,1},
{0x2150,0,0,2500,3},
{0x2151,0,0,2503,3},
{0x2152,0,0,2506,4},
{0x2153,0,0,2510,3},
{0x2154,0,0,2513,3},
{0x2155,0,0,2516,3},
{0x2156,0,0,2519,3},
{0x2157,0,0,2522,3},
{0x2158,0,0,2525,3},
{0x2159,0,0,2528,3},
{0x215A,0,0,2531,3},
{0x215B,0,0,2534,3},
{0x215C,0,0,2537,3},
{0x215D,0,0,2540,3},
{0x215E,0,0,2543,3},
{0x215F,0,0,2546,2},
{0x2160,0,0,2548,1},
{0x2161,0,0,2549,2},
{0x2162,0,0,2551,3},
{0x2163,0,0,2554,2},
{0x2164,0,0,2556,1},
{0x2165,0,0,2557,2},
{0x2166,0,0,2559,3},
{0x2167,0,0,2562,4},
{0x2168,0,0,2566,2},
{0x2169,0,0,2568,1},
{0x216A,0,0,2569,2},
{0x216B,0,0,2571,3},
{0x216C,0,0,2574,1},
{0x216D,0,0,2575,1},
{0x216E,0,0,2576,1},
{0x216F,0,0,2577,1},
{0x2170,0,0,2578,1},
{0x2171,0,0,2579,2},
{0x2172,0,0,2581,3},
{0x2173,0,0,2584,2},
{0x2174,0,0,2586,1},
{0x2175,0,0,2587,2},
{0x2176,0,0,2589,3},
{0x2177,0,0,2592,4},
{0x2178,0,0,2596,2},
{0x2179,0,0,2598,1},
{0x217A,0,0,2599,2},
{0x217B,0,0,2601,3},
{0x217C,0,0,2604,1},
{0x217D,0,0,2605,1},
{0x217E,0,0,2606,1},
{0x217F,0,0,2607,1},
{0x2189,0,0,2608,3},
{0x219A,2611,2,2611,2},
{0x219B,2613,2,2613,2},
{0x21AE,2615,2,2615,2},
{0x21CD,2617,2,2617,2},
{0x21CE,2619,2,2619,2},
{0x21CF,2621,2,2621,2},
{0x2204,2623,2,2623,2},
{0x2209,2625,2,2625,2},
{0x220C,2627,2,2627,2},
{0x2224,2629,2,2629,2},
{0x2226,2631,2,2631,2},
{0x222C,0,0,2633,2},
{0x222D,0,0,2635,3},
{0x222F,0,0,2638,2},
{0x2230,0,0,2640,3},
{0x2241,2643,2,2643,2},
{0x2244,2645,2,2645,2},
{0x2247,2647,2,2647,2},
{0x2249,2649,2,2649,2},
{0x2260,2651,2,2651,2},
{0x2262,2653,2,2653,2},
{0x226D,2655,2,2655,2},
{0x226E,2657,2,2657,2},
{0x226F,2659,2,2659,2},
{0x2270,2661,2,2661,2},
{0x2271,2663,2,2663,2},
{0x2274,2665,2,2665,2},
{0x2275,2667,2,2667,2},
{0x2278,2669,2,2669,2},
{0x2279,2671,2,2671,2},
{0x2280,2673,2,2673,2},
{0x2281,2675,2,2675,2},
{0x2284,2677,2,2677,2},
{0x2285,2679,2,2679,2},
{0x2288,2681,2,2681,2},
{0x2289,2683,2,2683,2},
{0x22AC,2685,2,2685,2},
{0x22AD,2687,2,2687,2},
{0x22AE,2689,2,2689,2},
{0x22AF,2691,2,2691,2},
{0x22E0,2693,2,2693,2},
{0x22E1,2695,2,2695,2},
{0x22E2,2697,2,2697,2},
{0x22E3,2699,2,2699,2},
{0x22EA,2701,2,2701,2},
{0x22EB,2703,2,2703,2},
{0x22EC,2705,2,2705,2},
{0x22ED,2707,2,2707,2},
{0x2329,2709,1,2709,1},
{0x232A,2710,1,2710,1},
{0x2460,0,0,2711,1},
{0x2461,0,0,2712,1},
{0x2462,0,0,2713,1},
{0x2463,0,0,2714,1},
{0x2464,0,0,2715,1},
{0x2465,0,0,2716,1},
{0x2466,0,0,2717,1},
{0x2467,0,0,2718,1},
{0x2468,0,0,2719,1},
{0x2469,0,0,2720,2},
{0x246A,0,0,2722,2},
{0x246B,0,0,2724,2},
{0x246C,0,0,2726,2},
{0x246D,0,0,2728,2},
{0x246E,0,0,2730,2},
{0x246F,0,0,2732,2},
{0x2470,0,0,2734,2},
{0x2471,0,0,2736,2},
{0x2472,0,0,2738,2},
{0x2473,0,0,2740,2},
{0x2474,0,0,2742,3},
{0x2475,0,0,2745,3},
{0x2476,0,0,2748,3},
{0x2477,0,0,2751,3},
{0x2478,0,0,2754,3},
{0x2479,0,0,2757,3},
{0x247A,0,0,2760,3},
{0x247B,0,0,2763,3},
{0x247C,0,0,2766,3},
{0x247D,0,0,2769,4},
{0x247E,0,0,2773,4},
{0x247F,0,0,2777,4},
{0x2480,0,0,2781,4},
{0x2481,0,0,2785,4},
{0x2482,0,0,2789,4},
{0x2483,0,0,2793,4},
{0x2484,0,0,2797,4},
{0x2485,0,0,2801,4},
{0x2486,0,0,2805,4},
{0x2487,0,0,2809,4},
{0x2488,0,0,2813,2},
{0x2489,0,0,2815,2},
{0x248A,0,0,2817,2},
{0x248B,0,0,2819,2},
{0x248C,0,0,2821,2},
{0x248D,0,0,2823,2},
{0x248E,0,0,2825,2},
{0x248F,0,0,2827,2},
{0x2490,0,0,2829,2},
{0x2491,0,0,2831,3},
{0x2492,0,0,2834,3},
{0x2493,0,0,2837,3},
{0x2494,0,0,2840,3},
{0x2495,0,0,2843,3},
{0x2496,0,0,2846,3},
{0x2497,0,0,2849,3},
{0x2498,0,0,2852,3},
{0x2499,0,0,2855,3},
{0x249A,0,0,2858,3},
{0x249B,0,0,2861,3},
{0x249C,0,0,2864,3},
{0x249D,0,0,2867,3},
{0x249E,0,0,2870,3},
{0x249F,0,0,2873,3},
{0x24A0,0,0,2876,3},
{0x24A1,0,0,2879,3},
{0x24A2,0,0,2882,3},
{0x24A3,0,0,2885,3},
{0x24A4,0,0,2888,3},
{0x24A5,0,0,2891,3},
{0x24A6,0,0,2894,3},
{0x24A7,0,0,2897,3},
{0x24A8,0,0,2900,3},
{0x24A9,0,0,2903,3},
{0x24AA,0,0,2906,3},
{0x24AB,0,0,2909,3},
{0x24AC,0,0,2912,3},
{0x24AD,0,0,2915,3},
{0x24AE,0,0,2918,3},
{0x24AF,0,0,2921,3},
{0x24B0,0,0,2924,3},
{0x24B1,0,0,2927,3},
{0x24B2,0,0,2930,3},
{0x24B3,0,0,2933,3},
{0x24B4,0,0,2936,3},
{0x24B5,0,0,2939,3},
{0x24B6,0,0,2942,1},
{0x24B7,0,0,2943,1},
{0x24B8,0,0,2944,1},
{0x24B9,0,0,2945,1},
{0x24BA,0,0,2946,1},
{0x24BB,0,0,2947,1},
{0x24BC,0,0,2948,1},
{0x24BD,0,0,2949,1},
{0x24BE,0,0,2950,1},
{0x24BF,0,0,2951,1},
{0x24C0,0,0,2952,1},
{0x24C1,0,0,2953,1},
{0x24C2,0,0,2954,1},
{0x24C3,0,0,2955,1},
{0x24C4,0,0,2956,1},
{0x24C5,0,0,2957,1},
{0x24C6,0,0,2958,1},
{0x24C7,0,0,2959,1},
{0x24C8,0,0,2960,1},
{0x24C9,0,0,2961,1},
{0x24CA,0,0,2962,1},
{0x24CB,0,0,2963,1},
{0x24CC,0,0,2964,1},
{0x24CD,0,0,2965,1},
{0x24CE,0,0,2966,1},
{0x24CF,0,0,2967,1},
{0x24D0,0,0,2968,1},
{0x24D1,0,0,2969,1},
{0x24D2,0,0,2970,1},
{0x24D3,0,0,2971,1},
{0x24D4,0,0,2972,1},
{0x24D5,0,0,2973,1},
{0x24D6,0,0,2974,1},
{0x24D7,0,0,2975,1},
{0x24D8,0,0,2976,1},
{0x24D9,0,0,2977,1},
{0x24DA,0,0,2978,1},
{0x24DB,0,0,2979,1},
{0x24DC,0,0,2980,1},
{0x24DD,0,0,2981,1},
{0x24DE,0,0,2982,1},
{0x24DF,0,0,2983,1},
{0x24E0,0,0,2984,1},
{0x24E1,0,0,2985,1},
{0x24E2,0,0,2986,1},
{0x24E3,0,0,2987,1},
{0x24E4,0,0,2988,1},
{0x24E5,0,0,2989,1},
{0x24E6,0,0,2990,1},
{0x24E7,0,0,2991,1},
{0x24E8,0,0,2992,1},
{0x24E9,0,0,2993,1},
{0x24EA,0,0,2994,1},
{0x2A0C,0,0,2995,4},
{0x2A74,0,0,2999,3},
{0x2A75,0,0,3002,2},
{0x2A76,0,0,3004,3},
{0x2ADC,3007,2,3007,2},
{0x2C7C,0,0,3009,1},
{0x2C7D,0,0,3010,1},
{0x2D6F,0,0,3011,1},
{0x2E9F,0,0,3012,1},
{0x2EF3,0,0,3013,1},
{0x2F00,0,0,3014,1},
{0x2F01,0,0,3015,1},
{0x2F02,0,0,3016,1},
{0x2F03,0,0,3017,1},
{0x2F04,0,0,3018,1},
{0x2F05,0,0,3019,1},
{0x2F06,0,0,3020,1},
{0x2F07,0,0,3021,1},
{0x2F08,0,0,3022,1},
{0x2F09,0,0,3023,1},
{0x2F0A,0,0,3024,1},
{0x2F0B,0,0,3025,1},
{0x2F0C,0,0,3026,1},
{0x2F0D,0,0,3027,1},
{0x2F0E,0,0,3028,1},
{0x2F0F,0,0,3029,1},
{0x2F10,0,0,3030,1},
{0x2F11,0,0,3031,1},
{0x2F12,0,0,3032,1},
{0x2F13,0,0,3033,1},
{0x2F14,0,0,3034,1},
{0x2F15,0,0,3035,1},
{0x2F16,0,0,3036,1},
{0x2F17,0,0,3037,1},
{0x2F18,0,0,3038,1},
{0x2F19,0,0,3039,1},
{0x2F1A,0,0,3040,1},
{0x2F1B,0,0,3041,1},
{0x2F1C,0,0,3042,1},
{0x2F1D,0,0,3043,1},
{0x2F1E,0,0,3044,1},
{0x2F1F,0,0,3045,1},
{0x2F20,0,0,3046,1},
{0x2F21,0,0,3047,1},
{0x2F22,0,0,3048,1},
{0x2F23,0,0,3049,1},
{0x2F24,0,0,3050,1},
{0x2F25,0,0,3051,1},
{0x2F26,0,0,3052,1},
{0x2F27,0,0,3053,1},
{0x2F28,0,0,3054,1},
{0x2F29,0,0,3055,1},
{0x2F2A,0,0,3056,1},
{0x2F2B,0,0,3057,1},
{0x2F2C,0,0,3058,1},
{0x2F2D,0,0,3059,1},
{0x2F2E,0,0,3060,1},
{0x2F2F,0,0,3061,1},
{0x2F30,0,0,3062,1},
{0x2F31,0,0,3063,1},
{0x2F32,0,0,3064,1},
{0x2F33,0,0,3065,1},
{0x2F34,0,0,3066,1},
{0x2F35,0,0,3067,1},
{0x2F36,0,0,3068,1},
{0x2F37,0,0,3069,1},
{0x2F38,0,0,3070,1},
{0x2F39,0,0,3071,1},
{0x2F3A,0,0,3072,1},
{0x2F3B,0,0,3073,1},
{0x2F3C,0,0,3074,1},
{0x2F3D,0,0,3075,1},
{0x2F3E,0,0,3076,1},
{0x2F3F,0,0,3077,1},
{0x2F40,0,0,3078,1},
{0x2F41,0,0,3079,1},
{0x2F42,0,0,3080,1},
{0x2F43,0,0,3081,1},
{0x2F44,0,0,3082,1},
{0x2F45,0,0,3083,1},
{0x2F46,0,0,3084,1},
{0x2F47,0,0,3085,1},
{0x2F48,0,0,3086,1},
{0x2F49,0,0,3087,1},
{0x2F4A,0,0,3088,1},
{0x2F4B,0,0,3089,1},
{0x2F4C,0,0,3090,1},
{0x2F4D,0,0,3091,1},
{0x2F4E,0,0,3092,1},
{0x2F4F,0,0,3093,1},
{0x2F50,0,0,3094,1},
{0x2F51,0,0,3095,1},
{0x2F52,0,0,3096,1},
{0x2F53,0,0,3097,1},
{0x2F54,0,0,3098,1},
{0x2F55,0,0,3099,1},
{0x2F56,0,0,3100,1},
{0x2F57,0,0,3101,1},
{0x2F58,0,0,3102,1},
{0x2F59,0,0,3103,1},
{0x2F5A,0,0,3104,1},
{0x2F5B,0,0,3105,1},
{0x2F5C,0,0,3106,1},
{0x2F5D,0,0,3107,1},
{0x2F5E,0,0,3108,1},
{0x2F5F,0,0,3109,1},
{0x2F60,0,0,3110,1},
{0x2F61,0,0,3111,1},
{0x2F62,0,0,3112,1},
{0x2F63,0,0,3113,1},
{0x2F64,0,0,3114,1},
{0x2F65,0,0,3115,1},
{0x2F66,0,0,3116,1},
{0x2F67,0,0,3117,1},
{0x2F68,0,0,3118,1},
{0x2F69,0,0,3119,1},
{0x2F6A,0,0,3120,1},
{0x2F6B,0,0,3121,1},
{0x2F6C,0,0,3122,1},
{0x2F6D,0,0,3123,1},
{0x2F6E,0,0,3124,1},
{0x2F6F,0,0,3125,1},
{0x2F70,0,0,3126,1},
{0x2F71,0,0,3127,1},
{0x2F72,0,0,3128,1},
{0x2F73,0,0,3129,1},
{0x2F74,0,0,3130,1},
{0x2F75,0,0,3131,1},
{0x2F76,0,0,3132,1},
{0x2F77,0,0,3133,1},
{0x2F78,0,0,3134,1},
{0x2F79,0,0,3135,1},
{0x2F7A,0,0,3136,1},
{0x2F7B,0,0,3137,1},
{0x2F7C,0,0,3138,1},
{0x2F7D,0,0,3139,1},
{0x2F7E,0,0,3140,1},
{0x2F7F,0,0,3141,1},
{0x2F80,0,0,3142,1},
{0x2F81,0,0,3143,1},
{0x2F82,0,0,3144,1},
{0x2F83,0,0,3145,1},
{0x2F84,0,0,3146,1},
{0x2F85,0,0,3147,1},
{0x2F86,0,0,3148,1},
{0x2F87,0,0,3149,1},
{0x2F88,0,0,3150,1},
{0x2F89,0,0,3151,1},
{0x2F8A,0,0,3152,1},
{0x2F8B,0,0,3153,1},
{0x2F8C,0,0,3154,1},
{0x2F8D,0,0,3155,1},
{0x2F8E,0,0,3156,1},
{0x2F8F,0,0,3157,1},
{0x2F90,0,0,3158,1},
{0x2F91,0,0,3159,1},
{0x2F92,0,0,3160,1},
{0x2F93,0,0,3161,1},
{0x2F94,0,0,3162,1},
{0x2F95,0,0,3163,1},
{0x2F96,0,0,3164,1},
{0x2F97,0,0,3165,1},
{0x2F98,0,0,3166,1},
{0x2F99,0,0,3167,1},
{0x2F9A,0,0,3168,1},
{0x2F9B,0,0,3169,1},
{0x2F9C,0,0,3170,1},
{0x2F9D,0,0,3171,1},
{0x2F9E,0,0,3172,1},
{0x2F9F,0,0,3173,1},
{0x2FA0,0,0,3174,1},
{0x2FA1,0,0,3175,1},
{0x2FA2,0,0,3176,1},
{0x2FA3,0,0,3177,1},
{0x2FA4,0,0,3178,1},
{0x2FA5,0,0,3179,1},
{0x2FA6,0,0,3180,1},
{0x2FA7,0,0,3181,1},
{0x2FA8,0,0,3182,1},
{0x2FA9,0,0,3183,1},
{0x2FAA,0,0,3184,1},
{0x2FAB,0,0,3185,1},
{0x2FAC,0,0,3186,1},
{0x2FAD,0,0,3187,1},
{0x2FAE,0,0,3188,1},
{0x2FAF,0,0,3189,1},
{0x2FB0,0,0,3190,1},
{0x2FB1,0,0,3191,1},
{0x2FB2,0,0,3192,1},
{0x2FB3,0,0,3193,1},
{0x2FB4,0,0,3194,1},
{0x2FB5,0,0,3195,1},
{0x2FB6,0,0,3196,1},
{0x2FB7,0,0,3197,1},
{0x2FB8,0,0,3198,1},
{0x2FB9,0,0,3199,1},
{0x2FBA,0,0,3200,1},
{0x2FBB,0,0,3201,1},
{0x2FBC,0,0,3202,1},
{0x2FBD,0,0,3203,1},
{0x2FBE,0,0,3204,1},
{0x2FBF,0,0,3205,1},
{0x2FC0,0,0,3206,1},
{0x2FC1,0,0,3207,1},
{0x2FC2,0,0,3208,1},
{0x2FC3,0,0,3209,1},
{0x2FC4,0,0,3210,1},
{0x2FC5,0,0,3211,1},
{0x2FC6,0,0,3212,1},
{0x2FC7,0,0,3213,1},
{0x2FC8,0,0,3214,1},
{0x2FC9,0,0,3215,1},
{0x2FCA,0,0,3216,1},
{0x2FCB,0,0,3217,1},
{0x2FCC,0,0,3218,1},
{0x2FCD,0,0,3219,1},
{0x2FCE,0,0,3220,1},
{0x2FCF,0,0,3221,1},
{0x2FD0,0,0,3222,1},
{0x2FD1,0,0,3223,1},
{0x2FD2,0,0,3224,1},
{0x2FD3,0,0,3225,1},
{0x2FD4,0,0,3226,1},
{0x2FD5,0,0,3227,1},
{0x3000,0,0,3228,1},
{0x3036,0,0,3229,1},
{0x3038,0,0,3230,1},
{0x3039,0,0,3231,1},
{0x303A,0,0,3232,1},
{0x304C,3233,2,3233,2},
{0x304E,3235,2,3235,2},
{0x3050,3237,2,3237,2},
{0x3052,3239,2,3239,2},
{0x3054,3241,2,3241,2},
{0x3056,3243,2,3243,2},
{0x3058,3245,2,3245,2},
{0x305A,3247,2,3247,2},
{0x305C,3249,2,3249,2},
{0x305E,3251,2,3251,2},
{0x3060,3253,2,3253,2},
{0x3062,3255,2,3255,2},
{0x3065,3257,2,3257,2},
{0x3067,3259,2,3259,2},
{0x3069,3261,2,3261,2},
{0x3070,3263,2,3263,2},
{0x3071,3265,2,3265,2},
{0x3073,3267,2,3267,2},
{0x3074,3269,2,3269,2},
{0x3076,3271,2,3271,2},
{0x3077,3273,2,3273,2},
{0x3079,3275,2,3275,2},
{0x307A,3277,2,3277,2},
{0x307C,3279,2,3279,2},
{0x307D,3281,2,3281,2},
{0x3094,3283,2,3283,2},
{0x309B,0,0,3285,2},
{0x309C,0,0,3287,2},
{0x309E,3289,2,3289,2},
{0x309F,0,0,3291,2},
{0x30AC,3293,2,3293,2},
{0x30AE,3295,2,3295,2},
{0x30B0,3297,2,3297,2},
{0x30B2,3299,2,3299,2},
{0x30B4,3301,2,3301,2},
{0x30B6,3303,2,3303,2},
{0x30B8,3305,2,3305,2},
{0x30BA,3307,2,3307,2},
{0x30BC,3309,2,3309,2},
{0x30BE,3311,2,3311,2},
{0x30C0,3313,2,3313,2},
{0x30C2,3315,2,3315,2},
{0x30C5,3317,2,3317,2},
{0x30C7,3319,2,3319,2},
{0x30C9,3321,2,3321,2},
{0x30D0,3323,2,3323,2},
{0x30D1,3325,2,3325,2},
{0x30D3,3327,2,3327,2},
{0x30D4,3329,2,3329,2},
{0x30D6,3331,2,3331,2},
{0x30D7,3333,2,3333,2},
{0x30D9,3335,2,3335,2},
{0x30DA,3337,2,3337,2},
{0x30DC,3339,2,3339,2},
{0x30DD,3341,2,3341,2},
{0x30F4,3343,2,3343,2},
{0x30F7,3345,2,3345,2},
{0x30F8,3347,2,3347,2},
{0x30F9,3349,2,3349,2},
{0x30FA,3351,2,3351,2},
{0x30FE,3353,2,3353,2},
{0x30FF,0,0,3355,2},
{0x3131,0,0,3357,1},
{0x3132,0,0,3358,1},
{0x3133,0,0,3359,1},
{0x3134,0,0,3360,1},
{0x3135,0,0,3361,1},
{0x3136,0,0,3362,1},
{0x3137,0,0,3363,1},
{0x3138,0,0,3364,1},
{0x3139,0,0,3365,1},
{0x313A,0,0,3366,1},
{0x313B,0,0,3367,1},
{0x313C,0,0,3368,1},
{0x313D,0,0,3369,1},
{0x313E,0,0,3370,1},
{0x313F,0,0,3371,1},
{0x3140,0,0,3372,1},
{0x3141,0,0,3373,1},
{0x3142,0,0,3374,1},
{0x3143,0,0,3375,1},
{0x3144,0,0,3376,1},
{0x3145,0,0,3377,1},
{0x3146,0,0,3378,1},
{0x3147,0,0,3379,1},
{0x3148,0,0,3380,1},
{0x3149,0,0,3381,1},
{0x314A,0,0,3382,1},
{0x314B,0,0,3383,1},
{0x314C,0,0,3384,1},
{0x314D,0,0,3385,1},
{0x314E,0,0,3386,1},
{0x314F,0,0,3387,1},
{0x3150,0,0,3388,1},
{0x3151,0,0,3389,1},
{0x3152,0,0,3390,1},
{0x3153,0,0,3391,1},
{0x3154,0,0,3392,1},
{0x3155,0,0,3393,1},
{0x3156,0,0,3394,1},
{0x3157,0,0,3395,1},
{0x3158,0,0,3396,1},
{0x3159,0,0,3397,1},
{0x315A,0,0,3398,1},
{0x315B,0,0,3399,1},
{0x315C,0,0,3400,1},
{0x315D,0,0,3401,1},
{0x315E,0,0,3402,1},
{0x315F,0,0,3403,1},
{0x3160,0,0,3404,1},
{0x3161,0,0,3405,1},
{0x3162,0,0,3406,1},
{0x3163,0,0,3407,1},
{0x3164,0,0,3408,1},
{0x3165,0,0,3409,1},
{0x3166,0,0,3410,1},
{0x3167,0,0,3411,1},
{0x3168,0,0,3412,1},
{0x3169,0,0,3413,1},
{0x316A,0,0,3414,1},
{0x316B,0,0,3415,1},
{0x316C,0,0,3416,1},
{0x316D,0,0,3417,1},
{0x316E,0,0,3418,1},
{0x316F,0,0,3419,1},
{0x3170,0,0,3420,1},
{0x3171,0,0,3421,1},
{0x3172,0,0,3422,1},
{0x3173,0,0,3423,1},
{0x3174,0,0,3424,1},
{0x3175,0,0,3425,1},
{0x3176,0,0,3426,1},
{0x3177,0,0,3427,1},
{0x3178,0,0,3428,1},
{0x3179,0,0,3429,1},
{0x317A,0,0,3430,1},
{0x317B,0,0,3431,1},
{0x317C,0,0,3432,1},
{0x317D,0,0,3433,1},
{0x317E,0,0,3434,1},
{0x317F,0,0,3435,1},
{0x3180,0,0,3436,1},
{0x3181,0,0,3437,1},
{0x3182,0,0,3438,1},
{0x3183,0,0,3439,1},
{0x3184,0,0,3440,1},
{0x3185,0,0,3441,1},
{0x3186,0,0,3442,1},
{0x3187,0,0,3443,1},
{0x3188,0,0,3444,1},
{0x3189,0,0,3445,1},
{0x318A,0,0,3446,1},
{0x318B,0,0,3447,1},
{0x318C,0,0,3448,1},
{0x318D,0,0,3449,1},
{0x318E,0,0,3450,1},
{0x3192,0,0,3451,1},
{0x3193,0,0,3452,1},
{0x3194,0,0,3453,1},
{0x3195,0,0,3454,1},
{0x3196,0,0,3455,1},
{0x3197,0,0,3456,1},
{0x3198,0,0,3457,1},
{0x3199,0,0,3458,1},
{0x319A,0,0,3459,1},
{0x319B,0,0,3460,1},
{0x319C,0,0,3461,1},
{0x319D,0,0,3462,1},
{0x319E,0,0,3463,1},
{0x319F,0,0,3464,1},
{0x3200,0,0,3465,3},
{0x3201,0,0,3468,3},
{0x3202,0,0,3471,3},
{0x3203,0,0,3474,3},
{0x3204,0,0,3477,3},
{0x3205,0,0,3480,3},
{0x3206,0,0,3483,3},
{0x3207,0,0,3486,3},
{0x3208,0,0,3489,3},
{0x3209,0,0,3492,3},
{0x320A,0,0,3495,3},
{0x320B,0,0,3498,3},
{0x320C,0,0,3501,3},
{0x320D,0,0,3504,3},
{0x320E,0,0,3507,4},
{0x320F,0,0,3511,4},
{0x3210,0,0,3515,4},
{0x3211,0,0,3519,4},
{0x3212,0,0,3523,4},
{0x3213,0,0,3527,4},
{0x3214,0,0,3531,4},
{0x3215,0,0,3535,4},
{0x3216,0,0,3539,4},
{0x3217,0,0,3543,4},
{0x3218,0,0,3547,4},
{0x3219,0,0,3551,4},
{0x321A,0,0,3555,4},
{0x321B,0,0,3559,4},
{0x321C,0,0,3563,4},
{0x321D,0,0,3567,7},
{0x321E,0,0,3574,6},
{0x3220,0,0,3580,3},
{0x3221,0,0,3583,3},
{0x3222,0,0,3586,3},
{0x3223,0,0,3589,3},
{0x3224,0,0,3592,3},
{0x3225,0,0,3595,3},
{0x3226,0,0,3598,3},
{0x3227,0,0,3601,3},
{0x3228,0,0,3604,3},
{0x3229,0,0,3607,3},
{0x322A,0,0,3610,3},
{0x322B,0,0,3613,3},
{0x322C,0,0,3616,3},
{0x322D,0,0,3619,3},
{0x322E,0,0,3622,3},
{0x322F,0,0,3625,3},
{0x3230,0,0,3628,3},
{0x3231,0,0,3631,3},
{0x3232,0,0,3634,3},
{0x3233,0,0,3637,3},
{0x3234,0,0,3640,3},
{0x3235,0,0,3643,3},
{0x3236,0,0,3646,3},
{0x3237,0,0,3649,3},
{0x3238,0,0,3652,3},
{0x3239,0,0,3655,3},
{0x323A,0,0,3658,3},
{0x323B,0,0,3661,3},
{0x323C,0,0,3664,3},
{0x323D,0,0,3667,3},
{0x323E,0,0,3670,3},
{0x323F,0,0,3673,3},
{0x3240,0,0,3676,3},
{0x3241,0,0,3679,3},
{0x3242,0,0,3682,3},
{0x3243,0,0,3685,3},
{0x3244,0,0,3688,1},
{0x3245,0,0,3689,1},
{0x3246,0,0,3690,1},
{0x3247,0,0,3691,1},
{0x3250,0,0,3692,3},
{0x3251,0,0,3695,2},
{0x3252,0,0,3697,2},
{0x3253,0,0,3699,2},
{0x3254,0,0,3701,2},
{0x3255,0,0,3703,2},
{0x3256,0,0,3705,2},
{0x3257,0,0,3707,2},
{0x3258,0,0,3709,2},
{0x3259,0,0,3711,2},
{0x325A,0,0,3713,2},
{0x325B,0,0,3715,2},
{0x325C,0,0,3717,2},
{0x325D,0,0,3719,2},
{0x325E,0,0,3721,2},
{0x325F,0,0,3723,2},
{0x3260,0,0,3725,1},
{0x3261,0,0,3726,1},
{0x3262,0,0,3727,1},
{0x3263,0,0,3728,1},
{0x3264,0,0,3729,1},
{0x3265,0,0,3730,1},
{0x3266,0,0,3731,1},
{0x3267,0,0,3732,1},
{0x3268,0,0,3733,1},
{0x3269,0,0,3734,1},
{0x326A,0,0,3735,1},
{0x326B,0,0,3736,1},
{0x326C,0,0,3737,1},
{0x326D,0,0,3738,1},
{0x326E,0,0,3739,2},
{0x326F,0,0,3741,2},
{0x3270,0,0,3743,2},
{0x3271,0,0,3745,2},
{0x3272,0,0,3747,2},
{0x3273,0,0,3749,2},
{0x3274,0,0,3751,2},
{0x3275,0,0,3753,2},
{0x3276,0,0,3755,2},
{0x3277,0,0,3757,2},
{0x3278,0,0,3759,2},
{0x3279,0,0,3761,2},
{0x327A,0,0,3763,2},
{0x327B,0,0,3765,2},
{0x327C,0,0,3767,5},
{0x327D,0,0,3772,4},
{0x327E,0,0,3776,2},
{0x3280,0,0,3778,1},
{0x3281,0,0,3779,1},
{0x3282,0,0,3780,1},
{0x3283,0,0,3781,1},
{0x3284,0,0,3782,1},
{0x3285,0,0,3783,1},
{0x3286,0,0,3784,1},
{0x3287,0,0,3785,1},
{0x3288,0,0,3786,1},
{0x3289,0,0,3787,1},
{0x328A,0,0,3788,1},
{0x328B,0,0,3789,1},
{0x328C,0,0,3790,1},
{0x328D,0,0,3791,1},
{0x328E,0,0,3792,1},
{0x328F,0,0,3793,1},
{0x3290,0,0,3794,1},
{0x3291,0,0,3795,1},
{0x3292,0,0,3796,1},
{0x3293,0,0,3797,1},
{0x3294,0,0,3798,1},
{0x3295,0,0,3799,1},
{0x3296,0,0,3800,1},
{0x3297,0,0,3801,1},
{0x3298,0,0,3802,1},
{0x3299,0,0,3803,1},
{0x329A,0,0,3804,1},
{0x329B,0,0,3805,1},
{0x329C,0,0,3806,1},
{0x329D,0,0,3807,1},
{0x329E,0,0,3808,1},
{0x329F,0,0,3809,1},
{0x32A0,0,0,3810,1},
{0x32A1,0,0,3811,1},
{0x32A2,0,0,3812,1},
{0x32A3,0,0,3813,1},
{0x32A4,0,0,3814,1},
{0x32A5,0,0,3815,1},
{0x32A6,0,0,3816,1},
{0x32A7,0,0,3817,1},
{0x32A8,0,0,3818,1},
{0x32A9,0,0,3819,1},
{0x32AA,0,0,3820,1},
{0x32AB,0,0,3821,1},
{0x32AC,0,0,3822,1},
{0x32AD,0,0,3823,1},
{0x32AE,0,0,3824,1},
{0x32AF,0,0,3825,1},
{0x32B0,0,0,3826,1},
{0x32B1,0,0,3827,2},
{0x32B2,0,0,3829,2},
{0x32B3,0,0,3831,2},
{0x32B4,0,0,3833,2},
{0x32B5,0,0,3835,2},
{0x32B6,0,0,3837,2},
{0x32B7,0,0,3839,2},
{0x32B8,0,0,3841,2},
{0x32B9,0,0,3843,2},
{0x32BA,0,0,3845,2},
{0x32BB,0,0,3847,2},
{0x32BC,0,0,3849,2},
{0x32BD,0,0,3851,2},
{0x32BE,0,0,3853,2},
{0x32BF,0,0,3855,2},
{0x32C0,0,0,3857,2},
{0x32C1,0,0,3859,2},
{0x32C2,0,0,3861,2},
{0x32C3,0,0,3863,2},
{0x32C4,0,0,3865,2},
{0x32C5,0,0,3867,2},
{0x32C6,0,0,3869,2},
{0x32C7,0,0,3871,2},
{0x32C8,0,0,3873,2},
{0x32C9,0,0,3875,3},
{0x32CA,0,0,3878,3},
{0x32CB,0,0,3881,3},
{0x32CC,0,0,3884,2},
{0x32CD,0,0,3886,3},
{0x32CE,0,0,3889,2},
{0x32CF,0,0,3891,3},
{0x32D0,0,0,3894,1},
{0x32D1,0,0,3895,1},
{0x32D2,0,0,3896,1},
{0x32D3,0,0,3897,1},
{0x32D4,0,0,3898,1},
{0x32D5,0,0,3899,1},
{0x32D6,0,0,3900,1},
{0x32D7,0,0,3901,1},
{0x32D8,0,0,3902,1},
{0x32D9,0,0,3903,1},
{0x32DA,0,0,3904,1},
{0x32DB,0,0,3905,1},
{0x32DC,0,0,3906,1},
{0x32DD,0,0,3907,1},
{0x32DE,0,0,3908,1},
{0x32DF,0,0,3909,1},
{0x32E0,0,0,3910,1},
{0x32E1,0,0,3911,1},
{0x32E2,0,0,3912,1},
{0x32E3,0,0,3913,1},
{0x32E4,0,0,3914,1},
{0x32E5,0,0,3915,1},
{0x32E6,0,0,3916,1},
{0x32E7,0,0,3917,1},
{0x32E8,0,0,3918,1},
{0x32E9,0,0,3919,1},
{0x32EA,0,0,3920,1},
{0x32EB,0,0,3921,1},
{0x32EC,0,0,3922,1},
{0x32ED,0,0,3923,1},
{0x32EE,0,0,3924,1},
{0x32EF,0,0,3925,1},
{0x32F0,0,0,3926,1},
{0x32F1,0,0,3927,1},
{0x32F2,0,0,3928,1},
{0x32F3,0,0,3929,1},
{0x32F4,0,0,3930,1},
{0x32F5,0,0,3931,1},
{0x32F6,0,0,3932,1},
{0x32F7,0,0,3933,1},
{0x32F8,0,0,3934,1},
{0x32F9,0,0,3935,1},
{0x32FA,0,0,3936,1},
{0x32FB,0,0,3937,1},
{0x32FC,0,0,3938,1},
{0x32FD,0,0,3939,1},
{0x32FE,0,0,3940,1},
{0x32FF,0,0,3941,2},
{0x3300,0,0,3943,5},
{0x3301,0,0,3948,4},
{0x3302,0,0,3952,5},
{0x3303,0,0,3957,3},
{0x3304,0,0,3960,5},
{0x3305,0,0,3965,3},
{0x3306,0,0,3968,3},
{0x3307,0,0,3971,6},
{0x3308,0,0,3977,4},
{0x3309,0,0,3981,3},
{0x330A,0,0,3984,3},
{0x330B,0,0,3987,3},
{0x330C,0,0,3990,4},
{0x330D,0,0,3994,4},
{0x330E,0,0,3998,4},
{0x330F,0,0,4002,4},
{0x3310,0,0,4006,4},
{0x3311,0,0,4010,4},
{0x3312,0,0,4014,4},
{0x3313,0,0,4018,6},
{0x3314,0,0,4024,2},
{0x3315,0,0,4026,6},
{0x3316,0,0,4032,6},
{0x3317,0,0,4038,5},
{0x3318,0,0,4043,4},
{0x3319,0,0,4047,6},
{0x331A,0,0,4053,6},
{0x331B,0,0,4059,4},
{0x331C,0,0,4063,3},
{0x331D,0,0,4066,3},
{0x331E,0,0,4069,4},
{0x331F,0,0,4073,4},
{0x3320,0,0,4077,5},
{0x3321,0,0,4082,5},
{0x3322,0,0,4087,3},
{0x3323,0,0,4090,3},
{0x3324,0,0,4093,4},
{0x3325,0,0,4097,3},
{0x3326,0,0,4100,3},
{0x3327,0,0,4103,2},
{0x3328,0,0,4105,2},
{0x3329,0,0,4107,3},
{0x332A,0,0,4110,3},
{0x332B,0,0,4113,6},
{0x332C,0,0,4119,4},
{0x332D,0,0,4123,5},
{0x332E,0,0,4128,6},
{0x332F,0,0,4134,4},
{0x3330,0,0,4138,3},
{0x3331,0,0,4141,3},
{0x3332,0,0,4144,6},
{0x3333,0,0,4150,4},
{0x3334,0,0,4154,6},
{0x3335,0,0,4160,3},
{0x3336,0,0,4163,5},
{0x3337,0,0,4168,3},
{0x3338,0,0,4171,4},
{0x3339,0,0,4175,3},
{0x333A,0,0,4178,4},
{0x333B,0,0,4182,5},
{0x333C,0,0,4187,4},
{0x333D,0,0,4191,5},
{0x333E,0,0,4196,4},
{0x333F,0,0,4200,2},
{0x3340,0,0,4202,5},
{0x3341,0,0,4207,3},
{0x3342,0,0,4210,3},
{0x3343,0,0,4213,4},
{0x3344,0,0,4217,3},
{0x3345,0,0,4220,3},
{0x3346,0,0,4223,3},
{0x3347,0,0,4226,5},
{0x3348,0,0,4231,4},
{0x3349,0,0,4235,2},
{0x334A,0,0,4237,6},
{0x334B,0,0,4243,3},
{0x334C,0,0,4246,5},
{0x334D,0,0,4251,4},
{0x334E,0,0,4255,4},
{0x334F,0,0,4259,3},
{0x3350,0,0,4262,3},
{0x3351,0,0,4265,4},
{0x3352,0,0,4269,2},
{0x3353,0,0,4271,4},
{0x3354,0,0,4275,5},
{0x3355,0,0,4280,2},
{0x3356,0,0,4282,6},
{0x3357,0,0,4288,3},
{0x3358,0,0,4291,2},
{0x3359,0,0,4293,2},
{0x335A,0,0,4295,2},
{0x335B,0,0,4297,2},
{0x335C,0,0,4299,2},
{0x335D,0,0,4301,2},
{0x335E,0,0,4303,2},
{0x335F,0,0,4305,2},
{0x3360,0,0,4307,2},
{0x3361,0,0,4309,2},
{0x3362,0,0,4311,3},
{0x3363,0,0,4314,3},
{0x3364,0,0,4317,3},
{0x3365,0,0,4320,3},
{0x3366,0,0,4323,3},
{0x3367,0,0,4326,3},
{0x3368,0,0,4329,3},
{0x3369,0,0,4332,3},
{0x336A,0,0,4335,3},
{0x336B,0,0,4338,3},
{0x336C,0,0,4341,3},
{0x336D,0,0,4344,3},
{0x336E,0,0,4347,3},
{0x336F,0,0,4350,3},
{0x3370,0,0,4353,3},
{0x3371,0,0,4356,3},
{0x3372,0,0,4359,2},
{0x3373,0,0,4361,2},
{0x3374,0,0,4363,3},
{0x3375,0,0,4366,2},
{0x3376,0,0,4368,2},
{0x3377,0,0,4370,2},
{0x3378,0,0,4372,3},
{0x3379,0,0,4375,3},
{0x337A,0,0,4378,2},
{0x337B,0,0,4380,2},
{0x337C,0,0,4382,2},
{0x337D,0,0,4384,2},
{0x337E,0,0,4386,2},
{0x337F,0,0,4388,4},
{0x3380,0,0,4392,2},
{0x3381,0,0,4394,2},
{0x3382,0,0,4396,2},
{0x3383,0,0,4398,2},
{0x3384,0,0,4400,2},
{0x3385,0,0,4402,2},
{0x3386,0,0,4404,2},
{0x3387,0,0,4406,2},
{0x3388,0,0,4408,3},
{0x3389,0,0,4411,4},
{0x338A,0,0,4415,2},
{0x338B,0,0,4417,2},
{0x338C,0,0,4419,2},
{0x338D,0,0,4421,2},
{0x338E,0,0,4423,2},
{0x338F,0,0,4425,2},
{0x3390,0,0,4427,2},
{0x3391,0,0,4429,3},
{0x3392,0,0,4432,3},
{0x3393,0,0,4435,3},
{0x3394,0,0,4438,3},
{0x3395,0,0,4441,2},
{0x3396,0,0,4443,2},
{0x3397,0,0,4445,2},
{0x3398,0,0,4447,2},
{0x3399,0,0,4449,2},
{0x339A,0,0,4451,2},
{0x339B,0,0,4453,2},
{0x339C,0,0,4455,2},
{0x339D,0,0,4457,2},
{0x339E,0,0,4459,2},
{0x339F,0,0,4461,3},
{0x33A0,0,0,4464,3},
{0x33A1,0,0,4467,2},
{0x33A2,0,0,4469,3},
{0x33A3,0,0,4472,3},
{0x33A4,0,0,4475,3},
{0x33A5,0,0,4478,2},
{0x33A6,0,0,4480,3},
{0x33A7,0,0,4483,3},
{0x33A8,0,0,4486,4},
{0x33A9,0,0,4490,2},
{0x33AA,0,0,4492,3},
{0x33AB,0,0,4495,3},
{0x33AC,0,0,4498,3},
{0x33AD,0,0,4501,3},
{0x33AE,0,0,4504,5},
{0x33AF,0,0,4509,6},
{0x33B0,0,0,4515,2},
{0x33B1,0,0,4517,2},
{0x33B2,0,0,4519,2},
{0x33B3,0,0,4521,2},
{0x33B4,0,0,4523,2},
{0x33B5,0,0,4525,2},
{0x33B6,0,0,4527,2},
{0x33B7,0,0,4529,2},
{0x33B8,0,0,4531,2},
{0x33B9,0,0,4533,2},
{0x33BA,0,0,4535,2},
{0x33BB,0,0,4537,2},
{0x33BC,0,0,4539,2},
{0x33BD,0,0,4541,2},
{0x33BE,0,0,4543,2},
{0x33BF,0,0,4545,2},
{0x33C0,0,0,4547,2},
{0x33C1,0,0,4549,2},
{0x33C2,0,0,4551,4},
{0x33C3,0,0,4555,2},
{0x33C4,0,0,4557,2},
{0x33C5,0,0,4559,2},
{0x33C6,0,0,4561,4},
{0x33C7,0,0,4565,3},
{0x33C8,0,0,4568,2},
{0x33C9,0,0,4570,2},
{0x33CA,0,0,4572,2},
{0x33CB,0,0,4574,2},
{0x33CC,0,0,4576,2},
{0x33CD,0,0,4578,2},
{0x33CE,0,0,4580,2},
{0x33CF,0,0,4582,2},
{0x33D0,0,0,4584,2},
{0x33D1,0,0,4586,2},
{0x33D2,0,0,4588,3},
{0x33D3,0,0,4591,2},
{0x33D4,0,0,4593,2},
{0x33D5,0,0,4595,3},
{0x33D6,0,0,4598,3},
{0x33D7,0,0,4601,2},
{0x33D8,0,0,4603,4},
{0x33D9,0,0,4607,3},
{0x33DA,0,0,4610,2},
{0x33DB,0,0,4612,2},
{0x33DC,0,0,4614,2},
{0x33DD,0,0,4616,2},
{0x33DE,0,0,4618,3},
{0x33DF,0,0,4621,3},
{0x33E0,0,0,4624,2},
{0x33E1,0,0,4626,2},
{0x33E2,0,0,4628,2},
{0x33E3,0,0,4630,2},
{0x33E4,0,0,4632,2},
{0x33E5,0,0,4634,2},
{0x33E6,0,0,4636,2},
{0x33E7,0,0,4638,2},
{0x33E8,0,0,4640,2},
{0x33E9,0,0,4642,3},
{0x33EA,0,0,4645,3},
{0x33EB,0,0,4648,3},
{0x33EC,0,0,4651,3},
{0x33ED,0,0,4654,3},
{0x33EE,0,0,4657,3},
{0x33EF,0,0,4660,3},
{0x33F0,0,0,4663,3},
{0x33F1,0,0,4666,3},
{0x33F2,0,0,4669,3},
{0x33F3,0,0,4672,3},
{0x33F4,0,0,4675,3},
{0x33F5,0,0,4678,3},
{0x33F6,0,0,4681,3},
{0x33F7,0,0,4684,3},
{0x33F8,0,0,4687,3},
{0x33F9,0,0,4690,3},
{0x33FA,0,0,4693,3},
{0x33FB,0,0,4696,3},
{0x33FC,0,0,4699,3},
{0x33FD,0,0,4702,3},
{0x33FE,0,0,4705,3},
{0x33FF,0,0,4708,3},
{0xA69C,0,0,4711,1},
{0xA69D,0,0,4712,1},
{0xA770,0,0,4713,1},
{0xA7F1,0,0,4714,1},
{0xA7F2,0,0,4715,1},
{0xA7F3,0,0,4716,1},
{0xA7F4,0,0,4717,1},
{0xA7F8,0,0,4718,1},
{0xA7F9,0,0,4719,1},
{0xAB5C,0,0,4720,1},
{0xAB5D,0,0,4721,1},
{0xAB5E,0,0,4722,1},
{0xAB5F,0,0,4723,1},
{0xAB69,0,0,4724,1},
{0xF900,4725,1,4725,1},
{0xF901,4726,1,4726,1},
{0xF902,4727,1,4727,1},
{0xF903,4728,1,4728,1},
{0xF904,4729,1,4729,1},
{0xF905,4730,1,4730,1},
{0xF906,4731,1,4731,1},
{0xF907,4732,1,4732,1},
{0xF908,4733,1,4733,1},
{0xF909,4734,1,4734,1},
{0xF90A,4735,1,4735,1},
{0xF90B,4736,1,4736,1},
{0xF90C,4737,1,4737,1},
{0xF90D,4738,1,4738,1},
{0xF90E,4739,1,4739,1},
{0xF90F,4740,1,4740,1},
{0xF910,4741,1,4741,1},
{0xF911,4742,1,4742,1},
{0xF912,4743,1,4743,1},
{0xF913,4744,1,4744,1},
{0xF914,4745,1,4745,1},
{0xF915,4746,1,4746,1},
{0xF916,4747,1,4747,1},
{0xF917,4748,1,4748,1},
{0xF918,4749,1,4749,1},
{0xF919,4750,1,4750,1},
{0xF91A,4751,1,4751,1},
{0xF91B,4752,1,4752,1},
{0xF91C,4753,1,4753,1},
{0xF91D,4754,1,4754,1},
{0xF91E,4755,1,4755,1},
{0xF91F,4756,1,4756,1},
{0xF920,4757,1,4757,1},
{0xF921,4758,1,4758,1},
{0xF922,4759,1,4759,1},
{0xF923,4760,1,4760,1},
{0xF924,4761,1,4761,1},
{0xF925,4762,1,4762,1},
{0xF926,4763,1,4763,1},
{0xF927,4764,1,4764,1},
{0xF928,4765,1,4765,1},
{0xF929,4766,1,4766,1},
{0xF92A,4767,1,4767,1},
{0xF92B,4768,1,4768,1},
{0xF92C,4769,1,4769,1},
{0xF92D,4770,1,4770,1},
{0xF92E,4771,1,4771,1},
{0xF92F,4772,1,4772,1},
{0xF930,4773,1,4773,1},
{0xF931,4774,1,4774,1},
{0xF932,4775,1,4775,1},
{0xF933,4776,1,4776,1},
{0xF934,4777,1,4777,1},
{0xF935,4778,1,4778,1},
{0xF936,4779,1,4779,1},
{0xF937,4780,1,4780,1},
{0xF938,4781,1,4781,1},
{0xF939,4782,1,4782,1},
{0xF93A,4783,1,4783,1},
{0xF93B,4784,1,4784,1},
{0xF93C,4785,1,4785,1},
{0xF93D,4786,1,4786,1},
{0xF93E,4787,1,4787,1},
{0xF93F,4788,1,4788,1},
{0xF940,4789,1,4789,1},
{0xF941,4790,1,4790,1},
{0xF942,4791,1,4791,1},
{0xF943,4792,1,4792,1},
{0xF944,4793,1,4793,1},
{0xF945,4794,1,4794,1},
{0xF946,4795,1,4795,1},
{0xF947,4796,1,4796,1},
{0xF948,4797,1,4797,1},
{0xF949,4798,1,4798,1},
{0xF94A,4799,1,4799,1},
{0xF94B,4800,1,4800,1},
{0xF94C,4801,1,4801,1},
{0xF94D,4802,1,4802,1},
{0xF94E,4803,1,4803,1},
{0xF94F,4804,1,4804,1},
{0xF950,4805,1,4805,1},
{0xF951,4806,1,4806,1},
{0xF952,4807,1,4807,1},
{0xF953,4808,1,4808,1},
{0xF954,4809,1,4809,1},
{0xF955,4810,1,4810,1},
{0xF956,4811,1,4811,1},
{0xF957,4812,1,4812,1},
{0xF958,4813,1,4813,1},
{0xF959,4814,1,4814,1},
{0xF95A,4815,1,4815,1},
{0xF95B,4816,1,4816,1},
{0xF95C,4817,1,4817,1},
{0xF95D,4818,1,4818,1},
{0xF95E,4819,1,4819,1},
{0xF95F,4820,1,4820,1},
{0xF960,4821,1,4821,1},
{0xF961,4822,1,4822,1},
{0xF962,4823,1,4823,1},
{0xF963,4824,1,4824,1},
{0xF964,4825,1,4825,1},
{0xF965,4826,1,4826,1},
{0xF966,4827,1,4827,1},
{0xF967,4828,1,4828,1},
{0xF968,4829,1,4829,1},
{0xF969,4830,1,4830,1},
{0xF96A,4831,1,4831,1},
{0xF96B,4832,1,4832,1},
{0xF96C,4833,1,4833,1},
{0xF96D,4834,1,4834,1},
{0xF96E,4835,1,4835,1},
{0xF96F,4836,1,4836,1},
{0xF970,4837,1,4837,1},
{0xF971,4838,1,4838,1},
{0xF972,4839,1,4839,1},
{0xF973,4840,1,4840,1},
{0xF974,4841,1,4841,1},
{0xF975,4842,1,4842,1},
{0xF976,4843,1,4843,1},
{0xF977,4844,1,4844,1},
{0xF978,4845,1,4845,1},
{0xF979,4846,1,4846,1},
{0xF97A,4847,1,4847,1},
{0xF97B,4848,1,4848,1},
{0xF97C,4849,1,4849,1},
{0xF97D,4850,1,4850,1},
{0xF97E,4851,1,4851,1},
{0xF97F,4852,1,4852,1},
{0xF980,4853,1,4853,1},
{0xF981,4854,1,4854,1},
{0xF982,4855,1,4855,1},
{0xF983,4856,1,4856,1},
{0xF984,4857,1,4857,1},
{0xF985,4858,1,4858,1},
{0xF986,4859,1,4859,1},
{0xF987,4860,1,4860,1},
{0xF988,4861,1,4861,1},
{0xF989,4862,1,4862,1},
{0xF98A,4863,1,4863,1},
{0xF98B,4864,1,4864,1},
{0xF98C,4865,1,4865,1},
{0xF98D,4866,1,4866,1},
{0xF98E,4867,1,4867,1},
{0xF98F,4868,1,4868,1},
{0xF990,4869,1,4869,1},
{0xF991,4870,1,4870,1},
{0xF992,4871,1,4871,1},
{0xF993,4872,1,4872,1},
{0xF994,4873,1,4873,1},
{0xF995,4874,1,4874,1},
{0xF996,4875,1,4875,1},
{0xF997,4876,1,4876,1},
{0xF998,4877,1,4877,1},
{0xF999,4878,1,4878,1},
{0xF99A,4879,1,4879,1},
{0xF99B,4880,1,4880,1},
{0xF99C,4881,1,4881,1},
{0xF99D,4882,1,4882,1},
{0xF99E,4883,1,4883,1},
{0xF99F,4884,1,4884,1},
{0xF9A0,4885,1,4885,1},
{0xF9A1,4886,1,4886,1},
{0xF9A2,4887,1,4887,1},
{0xF9A3,4888,1,4888,1},
{0xF9A4,4889,1,4889,1},
{0xF9A5,4890,1,4890,1},
{0xF9A6,4891,1,4891,1},
{0xF9A7,4892,1,4892,1},
{0xF9A8,4893,1,4893,1},
{0xF9A9,4894,1,4894,1},
{0xF9AA,4895,1,4895,1},
{0xF9AB,4896,1,4896,1},
{0xF9AC,4897,1,4897,1},
{0xF9AD,4898,1,4898,1},
{0xF9AE,4899,1,4899,1},
{0xF9AF,4900,1,4900,1},
{0xF9B0,4901,1,4901,1},
{0xF9B1,4902,1,4902,1},
{0xF9B2,4903,1,4903,1},
{0xF9B3,4904,1,4904,1},
{0xF9B4,4905,1,4905,1},
{0xF9B5,4906,1,4906,1},
{0xF9B6,4907,1,4907,1},
{0xF9B7,4908,1,4908,1},
{0xF9B8,4909,1,4909,1},
{0xF9B9,4910,1,4910,1},
{0xF9BA,4911,1,4911,1},
{0xF9BB,4912,1,4912,1},
{0xF9BC,4913,1,4913,1},
{0xF9BD,4914,1,4914,1},
{0xF9BE,4915,1,4915,1},
{0xF9BF,4916,1,4916,1},
{0xF9C0,4917,1,4917,1},
{0xF9C1,4918,1,4918,1},
{0xF9C2,4919,1,4919,1},
{0xF9C3,4920,1,4920,1},
{0xF9C4,4921,1,4921,1},
{0xF9C5,4922,1,4922,1},
{0xF9C6,4923,1,4923,1},
{0xF9C7,4924,1,4924,1},
{0xF9C8,4925,1,4925,1},
{0xF9C9,4926,1,4926,1},
{0xF9CA,4927,1,4927,1},
{0xF9CB,4928,1,4928,1},
{0xF9CC,4929,1,4929,1},
{0xF9CD,4930,1,4930,1},
{0xF9CE,4931,1,4931,1},
{0xF9CF,4932,1,4932,1},
{0xF9D0,4933,1,4933,1},
{0xF9D1,4934,1,4934,1},
{0xF9D2,4935,1,4935,1},
{0xF9D3,4936,1,4936,1},
{0xF9D4,4937,1,4937,1},
{0xF9D5,4938,1,4938,1},
{0xF9D6,4939,1,4939,1},
{0xF9D7,4940,1,4940,1},
{0xF9D8,4941,1,4941,1},
{0xF9D9,4942,1,4942,1},
{0xF9DA,4943,1,4943,1},
{0xF9DB,4944,1,4944,1},
{0xF9DC,4945,1,4945,1},
{0xF9DD,4946,1,4946,1},
{0xF9DE,4947,1,4947,1},
{0xF9DF,4948,1,4948,1},
{0xF9E0,4949,1,4949,1},
{0xF9E1,4950,1,4950,1},
{0xF9E2,4951,1,4951,1},
{0xF9E3,4952,1,4952,1},
{0xF9E4,4953,1,4953,1},
{0xF9E5,4954,1,4954,1},
{0xF9E6,4955,1,4955,1},
{0xF9E7,4956,1,4956,1},
{0xF9E8,4957,1,4957,1},
{0xF9E9,4958,1,4958,1},
{0xF9EA,4959,1,4959,1},
{0xF9EB,4960,1,4960,1},
{0xF9EC,4961,1,4961,1},
{0xF9ED,4962,1,4962,1},
{0xF9EE,4963,1,4963,1},
{0xF9EF,4964,1,4964,1},
{0xF9F0,4965,1,4965,1},
{0xF9F1,4966,1,4966,1},
{0xF9F2,4967,1,4967,1},
{0xF9F3,4968,1,4968,1},
{0xF9F4,4969,1,4969,1},
{0xF9F5,4970,1,4970,1},
{0xF9F6,4971,1,4971,1},
{0xF9F7,4972,1,4972,1},
{0xF9F8,4973,1,4973,1},
{0xF9F9,4974,1,4974,1},
{0xF9FA,4975,1,4975,1},
{0xF9FB,4976,1,4976,1},
{0xF9FC,4977,1,4977,1},
{0xF9FD,4978,1,4978,1},
{0xF9FE,4979,1,4979,1},
{0xF9FF,4980,1,4980,1},
{0xFA00,4981,1,4981,1},
{0xFA01,4982,1,4982,1},
{0xFA02,4983,1,4983,1},
{0xFA03,4984,1,4984,1},
{0xFA04,4985,1,4985,1},
{0xFA05,4986,1,4986,1},
{0xFA06,4987,1,4987,1},
{0xFA07,4988,1,4988,1},
{0xFA08,4989,1,4989,1},
{0xFA09,4990,1,4990,1},
{0xFA0A,4991,1,4991,1},
{0xFA0B,4992,1,4992,1},
{0xFA0C,4993,1,4993,1},
{0xFA0D,4994,1,4994,1},
{0xFA10,4995,1,4995,1},
{0xFA12,4996,1,4996,1},
{0xFA15,4997,1,4997,1},
{0xFA16,4998,1,4998,1},
{0xFA17,4999,1,4999,1},
{0xFA18,5000,1,5000,1},
{0xFA19,5001,1,5001,1},
{0xFA1A,5002,1,5002,1},
{0xFA1B,5003,1,5003,1},
{0xFA1C,5004,1,5004,1},
{0xFA1D,5005,1,5005,1},
{0xFA1E,5006,1,5006,1},
{0xFA20,5007,1,5007,1},
{0xFA22,5008,1,5008,1},
{0xFA25,5009,1,5009,1},
{0xFA26,5010,1,5010,1},
{0xFA2A,5011,1,5011,1},
{0xFA2B,5012,1,5012,1},
{0xFA2C,5013,1,5013,1},
{0xFA2D,5014,1,5014,1},
{0xFA2E,5015,1,5015,1},
{0xFA2F,5016,1,5016,1},
{0xFA30,5017,1,5017,1},
{0xFA31,5018,1,5018,1},
{0xFA32,5019,1,5019,1},
{0xFA33,5020,1,5020,1},
{0xFA34,5021,1,5021,1},
{0xFA35,5022,1,5022,1},
{0xFA36,5023,1,5023,1},
{0xFA37,5024,1,5024,1},
{0xFA38,5025,1,5025,1},
{0xFA39,5026,1,5026,1},
{0xFA3A,5027,1,5027,1},
{0xFA3B,5028,1,5028,1},
{0xFA3C,5029,1,5029,1},
{0xFA3D,5030,1,5030,1},
{0xFA3E,5031,1,5031,1},
{0xFA3F,5032,1,5032,1},
{0xFA40,5033,1,5033,1},
{0xFA41,5034,1,5034,1},
{0xFA42,5035,1,5035,1},
{0xFA43,5036,1,5036,1},
{0xFA44,5037,1,5037,1},
{0xFA45,5038,1,5038,1},
{0xFA46,5039,1,5039,1},
{0xFA47,5040,1,5040,1},
{0xFA48,5041,1,5041,1},
{0xFA49,5042,1,5042,1},
{0xFA4A,5043,1,5043,1},
{0xFA4B,5044,1,5044,1},
{0xFA4C,5045,1,5045,1},
{0xFA4D,5046,1,5046,1},
{0xFA4E,5047,1,5047,1},
{0xFA4F,5048,1,5048,1},
{0xFA50,5049,1,5049,1},
{0xFA51,5050,1,5050,1},
{0xFA52,5051,1,5051,1},
{0xFA53,5052,1,5052,1},
{0xFA54,5053,1,5053,1},
{0xFA55,5054,1,5054,1},
{0xFA56,5055,1,5055,1},
{0xFA57,5056,1,5056,1},
{0xFA58,5057,1,5057,1},
{0xFA59,5058,1,5058,1},
{0xFA5A,5059,1,5059,1},
{0xFA5B,5060,1,5060,1},
{0xFA5C,5061,1,5061,1},
{0xFA5D,5062,1,5062,1},
{0xFA5E,5063,1,5063,1},
{0xFA5F,5064,1,5064,1},
{0xFA60,5065,1,5065,1},
{0xFA61,5066,1,5066,1},
{0xFA62,5067,1,5067,1},
{0xFA63,5068,1,5068,1},
{0xFA64,5069,1,5069,1},
{0xFA65,5070,1,5070,1},
{0xFA66,5071,1,5071,1},
{0xFA67,5072,1,5072,1},
{0xFA68,5073,1,5073,1},
{0xFA69,5074,1,5074,1},
{0xFA6A,5075,1,5075,1},
{0xFA6B,5076,1,5076,1},
{0xFA6C,5077,1,5077,1},
{0xFA6D,5078,1,5078,1},
{0xFA70,5079,1,5079,1},
{0xFA71,5080,1,5080,1},
{0xFA72,5081,1,5081,1},
{0xFA73,5082,1,5082,1},
{0xFA74,5083,1,5083,1},
{0xFA75,5084,1,5084,1},
{0xFA76,5085,1,5085,1},
{0xFA77,5086,1,5086,1},
{0xFA78,5087,1,5087,1},
{0xFA79,5088,1,5088,1},
{0xFA7A,5089,1,5089,1},
{0xFA7B,5090,1,5090,1},
{0xFA7C,5091,1,5091,1},
{0xFA7D,5092,1,5092,1},
{0xFA7E,5093,1,5093,1},
{0xFA7F,5094,1,5094,1},
{0xFA80,5095,1,5095,1},
{0xFA81,5096,1,5096,1},
{0xFA82,5097,1,5097,1},
{0xFA83,5098,1,5098,1},
{0xFA84,5099,1,5099,1},
{0xFA85,5100,1,5100,1},
{0xFA86,5101,1,5101,1},
{0xFA87,5102,1,5102,1},
{0xFA88,5103,1,5103,1},
{0xFA89,5104,1,5104,1},
{0xFA8A,5105,1,5105,1},
{0xFA8B,5106,1,5106,1},
{0xFA8C,5107,1,5107,1},
{0xFA8D,5108,1,5108,1},
{0xFA8E,5109,1,5109,1},
{0xFA8F,5110,1,5110,1},
{0xFA90,5111,1,5111,1},
{0xFA91,5112,1,5112,1},
{0xFA92,5113,1,5113,1},
{0xFA93,5114,1,5114,1},
{0xFA94,5115,1,5115,1},
{0xFA95,5116,1,5116,1},
{0xFA96,5117,1,5117,1},
{0xFA97,5118,1,5118,1},
{0xFA98,5119,1,5119,1},
{0xFA99,5120,1,5120,1},
{0xFA9A,5121,1,5121,1},
{0xFA9B,5122,1,5122,1},
{0xFA9C,5123,1,5123,1},
{0xFA9D,5124,1,5124,1},
{0xFA9E,5125,1,5125,1},
{0xFA9F,5126,1,5126,1},
{0xFAA0,5127,1,5127,1},
{0xFAA1,5128,1,5128,1},
{0xFAA2,5129,1,5129,1},
{0xFAA3,5130,1,5130,1},
{0xFAA4,5131,1,5131,1},
{0xFAA5,5132,1,5132,1},
{0xFAA6,5133,1,5133,1},
{0xFAA7,5134,1,5134,1},
{0xFAA8,5135,1,5135,1},
{0xFAA9,5136,1,5136,1},
{0xFAAA,5137,1,5137,1},
{0xFAAB,5138,1,5138,1},
{0xFAAC,5139,1,5139,1},
{0xFAAD,5140,1,5140,1},
{0xFAAE,5141,1,5141,1},
{0xFAAF,5142,1,5142,1},
{0xFAB0,5143,1,5143,1},
{0xFAB1,5144,1,5144,1},
{0xFAB2,5145,1,5145,1},
{0xFAB3,5146,1,5146,1},
{0xFAB4,5147,1,5147,1},
{0xFAB5,5148,1,5148,1},
{0xFAB6,5149,1,5149,1},
{0xFAB7,5150,1,5150,1},
{0xFAB8,5151,1,5151,1},
{0xFAB9,5152,1,5152,1},
{0xFABA,5153,1,5153,1},
{0xFABB,5154,1,5154,1},
{0xFABC,5155,1,5155,1},
{0xFABD,5156,1,5156,1},
{0xFABE,5157,1,5157,1},
{0xFABF,5158,1,5158,1},
{0xFAC0,5159,1,5159,1},
{0xFAC1,5160,1,5160,1},
{0xFAC2,5161,1,5161,1},
{0xFAC3,5162,1,5162,1},
{0xFAC4,5163,1,5163,1},
{0xFAC5,5164,1,5164,1},
{0xFAC6,5165,1,5165,1},
{0xFAC7,5166,1,5166,1},
{0xFAC8,5167,1,5167,1},
{0xFAC9,5168,1,5168,1},
{0xFACA,5169,1,5169,1},
{0xFACB,5170,1,5170,1},
{0xFACC,5171,1,5171,1},
{0xFACD,5172,1,5172,1},
{0xFACE,5173,1,5173,1},
{0xFACF,5174,1,5174,1},
{0xFAD0,5175,1,5175,1},
{0xFAD1,5176,1,5176,1},
{0xFAD2,5177,1,5177,1},
{0xFAD3,5178,1,5178,1},
{0xFAD4,5179,1,5179,1},
{0xFAD5,5180,1,5180,1},
{0xFAD6,5181,1,5181,1},
{0xFAD7,5182,1,5182,1},
{0xFAD8,5183,1,5183,1},
{0xFAD9,5184,1,5184,1},
{0xFB00,0,0,5185,2},
{0xFB01,0,0,5187,2},
{0xFB02,0,0,5189,2},
{0xFB03,0,0,5191,3},
{0xFB04,0,0,5194,3},
{0xFB05,0,0,5197,2},
{0xFB06,0,0,5199,2},
{0xFB13,0,0,5201,2},
{0xFB14,0,0,5203,2},
{0xFB15,0,0,5205,2},
{0xFB16,0,0,5207,2},
{0xFB17,0,0,5209,2},
{0xFB1D,5211,2,5211,2},
{0xFB1F,5213,2,5213,2},
{0xFB20,0,0,5215,1},
{0xFB21,0,0,5216,1},
{0xFB22,0,0,5217,1},
{0xFB23,0,0,5218,1},
{0xFB24,0,0,5219,1},
{0xFB25,0,0,5220,1},
{0xFB26,0,0,5221,1},
{0xFB27,0,0,5222,1},
{0xFB28,0,0,5223,1},
{0xFB29,0,0,5224,1},
{0xFB2A,5225,2,5225,2},
{0xFB2B,5227,2,5227,2},
{0xFB2C,5229,3,5229,3},
{0xFB2D,5232,3,5232,3},
{0xFB2E,5235,2,5235,2},
{0xFB2F,5237,2,5237,2},
{0xFB30,5239,2,5239,2},
{0xFB31,5241,2,5241,2},
{0xFB32,5243,2,5243,2},
{0xFB33,5245,2,5245,2},
{0xFB34,5247,2,5247,2},
{0xFB35,5249,2,5249,2},
{0xFB36,5251,2,5251,2},
{0xFB38,5253,2,5253,2},
{0xFB39,5255,2,5255,2},
{0xFB3A,5257,2,5257,2},
{0xFB3B,5259,2,5259,2},
{0xFB3C,5261,2,5261,2},
{0xFB3E,5263,2,5263,2},
{0xFB40,5265,2,5265,2},
{0xFB41,5267,2,5267,2},
{0xFB43,5269,2,5269,2},
{0xFB44,5271,2,5271,2},
{0xFB46,5273,2,5273,2},
{0xFB47,5275,2,5275,2},
{0xFB48,5277,2,5277,2},
{0xFB49,5279,2,5279,2},
{0xFB4A,5281,2,5281,2},
{0xFB4B,5283,2,5283,2},
{0xFB4C,5285,2,5285,2},
{0xFB4D,5287,2,5287,2},
{0xFB4E,5289,2,5289,2},
{0xFB4F,0,0,5291,2},
{0xFB50,0,0,5293,1},
{0xFB51,0,0,5294,1},
{0xFB52,0,0,5295,1},
{0xFB53,0,0,5296,1},
{0xFB54,0,0,5297,1},
{0xFB55,0,0,5298,1},
{0xFB56,0,0,5299,1},
{0xFB57,0,0,5300,1},
{0xFB58,0,0,5301,1},
{0xFB59,0,0,5302,1},
{0xFB5A,0,0,5303,1},
{0xFB5B,0,0,5304,1},
{0xFB5C,0,0,5305,1},
{0xFB5D,0,0,5306,1},
{0xFB5E,0,0,5307,1},
{0xFB5F,0,0,5308,1},
{0xFB60,0,0,5309,1},
{0xFB61,0,0,5310,1},
{0xFB62,0,0,5311,1},
{0xFB63,0,0,5312,1},
{0xFB64,0,0,5313,1},
{0xFB65,0,0,5314,1},
{0xFB66,0,0,5315,1},
{0xFB67,0,0,5316,1},
{0xFB68,0,0,5317,1},
{0xFB69,0,0,5318,1},
{0xFB6A,0,0,5319,1},
{0xFB6B,0,0,5320,1},
{0xFB6C,0,0,5321,1},
{0xFB6D,0,0,5322,1},
{0xFB6E,0,0,5323,1},
{0xFB6F,0,0,5324,1},
{0xFB70,0,0,5325,1},
{0xFB71,0,0,5326,1},
{0xFB72,0,0,5327,1},
{0xFB73,0,0,5328,1},
{0xFB74,0,0,5329,1},
{0xFB75,0,0,5330,1},
{0xFB76,0,0,5331,1},
{0xFB77,0,0,5332,1},
{0xFB78,0,0,5333,1},
{0xFB79,0,0,5334,1},
{0xFB7A,0,0,5335,1},
{0xFB7B,0,0,5336,1},
{0xFB7C,0,0,5337,1},
{0xFB7D,0,0,5338,1},
{0xFB7E,0,0,5339,1},
{0xFB7F,0,0,5340,1},
{0xFB80,0,0,5341,1},
{0xFB81,0,0,5342,1},
{0xFB82,0,0,5343,1},
{0xFB83,0,0,5344,1},
{0xFB84,0,0,5345,1},
{0xFB85,0,0,5346,1},
{0xFB86,0,0,5347,1},
{0xFB87,0,0,5348,1},
{0xFB88,0,0,5349,1},
{0xFB89,0,0,5350,1},
{0xFB8A,0,0,5351,1},
{0xFB8B,0,0,5352,1},
{0xFB8C,0,0,5353,1},
{0xFB8D,0,0,5354,1},
{0xFB8E,0,0,5355,1},
{0xFB8F,0,0,5356,1},
{0xFB90,0,0,5357,1},
{0xFB91,0,0,5358,1},
{0xFB92,0,0,5359,1},
{0xFB93,0,0,5360,1},
{0xFB94,0,0,5361,1},
{0xFB95,0,0,5362,1},
{0xFB96,0,0,5363,1},
{0xFB97,0,0,5364,1},
{0xFB98,0,0,5365,1},
{0xFB99,0,0,5366,1},
{0xFB9A,0,0,5367,1},
{0xFB9B,0,0,5368,1},
{0xFB9C,0,0,5369,1},
{0xFB9D,0,0,5370,1},
{0xFB9E,0,0,5371,1},
{0xFB9F,0,0,5372,1},
{0xFBA0,0,0,5373,1},
{0xFBA1,0,0,5374,1},
{0xFBA2,0,0,5375,1},
{0xFBA3,0,0,5376,1},
{0xFBA4,0,0,5377,2},
{0xFBA5,0,0,5379,2},
{0xFBA6,0,0,5381,1},
{0xFBA7,0,0,5382,1},
{0xFBA8,0,0,5383,1},
{0xFBA9,0,0,5384,1},
{0xFBAA,0,0,5385,1},
{0xFBAB,0,0,5386,1},
{0xFBAC,0,0,5387,1},
{0xFBAD,0,0,5388,1},
{0xFBAE,0,0,5389,1},
{0xFBAF,0,0,5390,1},
{0xFBB0,0,0,5391,2},
{0xFBB1,0,0,5393,2},
{0xFBD3,0,0,5395,1},
{0xFBD4,0,0,5396,1},
{0xFBD5,0,0,5397,1},
{0xFBD6,0,0,5398,1},
{0xFBD7,0,0,5399,1},
{0xFBD8,0,0,5400,1},
{0xFBD9,0,0,5401,1},
{0xFBDA,0,0,5402,1},
{0xFBDB,0,0,5403,1},
{0xFBDC,0,0,5404,1},
{0xFBDD,0,0,5405,2},
{0xFBDE,0,0,5407,1},
{0xFBDF,0,0,5408,1},
{0xFBE0,0,0,5409,1},
{0xFBE1,0,0,5410,1},
{0xFBE2,0,0,5411,1},
{0xFBE3,0,0,5412,1},
{0xFBE4,0,0,5413,1},
{0xFBE5,0,0,5414,1},
{0xFBE6,0,0,5415,1},
{0xFBE7,0,0,5416,1},
{0xFBE8,0,0,5417,1},
{0xFBE9,0,0,5418,1},
{0xFBEA,0,0,5419,3},
{0xFBEB,0,0,5422,3},
{0xFBEC,0,0,5425,3},
{0xFBED,0,0,5428,3},
{0xFBEE,0,0,5431,3},
{0xFBEF,0,0,5434,3},
{0xFBF0,0,0,5437,3},
{0xFBF1,0,0,5440,3},
{0xFBF2,0,0,5443,3},
{0xFBF3,0,0,5446,3},
{0xFBF4,0,0,5449,3},
{0xFBF5,0,0,5452,3},
{0xFBF6,0,0,5455,3},
{0xFBF7,0,0,5458,3},
{0xFBF8,0,0,5461,3},
{0xFBF9,0,0,5464,3},
{0xFBFA,0,0,5467,3},
{0xFBFB,0,0,5470,3},
{0xFBFC,0,0,5473,1},
{0xFBFD,0,0,5474,1},
{0xFBFE,0,0,5475,1},
{0xFBFF,0,0,5476,1},
{0xFC00,0,0,5477,3},
{0xFC01,0,0,5480,3},
{0xFC02,0,0,5483,3},
{0xFC03,0,0,5486,3},
{0xFC04,0,0,5489,3},
{0xFC05,0,0,5492,2},
{0xFC06,0,0,5494,2},
{0xFC07,0,0,5496,2},
{0xFC08,0,0,5498,2},
{0xFC09,0,0,5500,2},
{0xFC0A,0,0,5502,2},
{0xFC0B,0,0,5504,2},
{0xFC0C,0,0,5506,2},
{0xFC0D,0,0,5508,2},
{0xFC0E,0,0,5510,2},
{0xFC0F,0,0,5512,2},
{0xFC10,0,0,5514,2},
{0xFC11,0,0,5516,2},
{0xFC12,0,0,5518,2},
{0xFC13,0,0,5520,2},
{0xFC14,0,0,5522,2},
{0xFC15,0,0,5524,2},
{0xFC16,0,0,5526,2},
{0xFC17,0,0,5528,2},
{0xFC18,0,0,5530,2},
{0xFC19,0,0,5532,2},
{0xFC1A,0,0,5534,2},
{0xFC1B,0,0,5536,2},
{0xFC1C,0,0,5538,2},
{0xFC1D,0,0,5540,2},
{0xFC1E,0,0,5542,2},
{0xFC1F,0,0,5544,2},
{0xFC20,0,0,5546,2},
{0xFC21,0,0,5548,2},
{0xFC22,0,0,5550,2},
{0xFC23,0,0,5552,2},
{0xFC24,0,0,5554,2},
{0xFC25,0,0,5556,2},
{0xFC26,0,0,5558,2},
{0xFC27,0,0,5560,2},
{0xFC28,0,0,5562,2},
{0xFC29,0,0,5564,2},
{0xFC2A,0,0,5566,2},
{0xFC2B,0,0,5568,2},
{0xFC2C,0,0,5570,2},
{0xFC2D,0,0,5572,2},
{0xFC2E,0,0,5574,2},
{0xFC2F,0,0,5576,2},
{0xFC30,0,0,5578,2},
{0xFC31,0,0,5580,2},
{0xFC32,0,0,5582,2},
{0xFC33,0,0,5584,2},
{0xFC34,0,0,5586,2},
{0xFC35,0,0,5588,2},
{0xFC36,0,0,5590,2},
{0xFC37,0,0,5592,2},
{0xFC38,0,0,5594,2},
{0xFC39,0,0,5596,2},
{0xFC3A,0,0,5598,2},
{0xFC3B,0,0,5600,2},
{0xFC3C,0,0,5602,2},
{0xFC3D,0,0,5604,2},
{0xFC3E,0,0,5606,2},
{0xFC3F,0,0,5608,2},
{0xFC40,0,0,5610,2},
{0xFC41,0,0,5612,2},
{0xFC42,0,0,5614,2},
{0xFC43,0,0,5616,2},
{0xFC44,0,0,5618,2},
{0xFC45,0,0,5620,2},
{0xFC46,0,0,5622,2},
{0xFC47,0,0,5624,2},
{0xFC48,0,0,5626,2},
{0xFC49,0,0,5628,2},
{0xFC4A,0,0,5630,2},
{0xFC4B,0,0,5632,2},
{0xFC4C,0,0,5634,2},
{0xFC4D,0,0,5636,2},
{0xFC4E,0,0,5638,2},
{0xFC4F,0,0,5640,2},
{0xFC50,0,0,5642,2},
{0xFC51,0,0,5644,2},
{0xFC52,0,0,5646,2},
{0xFC53,0,0,5648,2},
{0xFC54,0,0,5650,2},
{0xFC55,0,0,5652,2},
{0xFC56,0,0,5654,2},
{0xFC57,0,0,5656,2},
{0xFC58,0,0,5658,2},
{0xFC59,0,0,5660,2},
{0xFC5A,0,0,5662,2},
{0xFC5B,0,0,5664,2},
{0xFC5C,0,0,5666,2},
{0xFC5D,0,0,5668,2},
{0xFC5E,0,0,5670,3},
{0xFC5F,0,0,5673,3},
{0xFC60,0,0,5676,3},
{0xFC61,0,0,5679,3},
{0xFC62,0,0,5682,3},
{0xFC63,0,0,5685,3},
{0xFC64,0,0,5688,3},
{0xFC65,0,0,5691,3},
{0xFC66,0,0,5694,3},
{0xFC67,0,0,5697,3},
{0xFC68,0,0,5700,3},
{0xFC69,0,0,5703,3},
{0xFC6A,0,0,5706,2},
{0xFC6B,0,0,5708,2},
{0xFC6C,0,0,5710,2},
{0xFC6D,0,0,5712,2},
{0xFC6E,0,0,5714,2},
{0xFC6F,0,0,5716,2},
{0xFC70,0,0,5718,2},
{0xFC71,0,0,5720,2},
{0xFC72,0,0,5722,2},
{0xFC73,0,0,5724,2},
{0xFC74,0,0,5726,2},
{0xFC75,0,0,5728,2},
{0xFC76,0,0,5730,2},
{0xFC77,0,0,5732,2},
{0xFC78,0,0,5734,2},
{0xFC79,0,0,5736,2},
{0xFC7A,0,0,5738,2},
{0xFC7B,0,0,5740,2},
{0xFC7C,0,0,5742,2},
{0xFC7D,0,0,5744,2},
{0xFC7E,0,0,5746,2},
{0xFC7F,0,0,5748,2},
{0xFC80,0,0,5750,2},
{0xFC81,0,0,5752,2},
{0xFC82,0,0,5754,2},
{0xFC83,0,0,5756,2},
{0xFC84,0,0,5758,2},
{0xFC85,0,0,5760,2},
{0xFC86,0,0,5762,2},
{0xFC87,0,0,5764,2},
{0xFC88,0,0,5766,2},
{0xFC89,0,0,5768,2},
{0xFC8A,0,0,5770,2},
{0xFC8B,0,0,5772,2},
{0xFC8C,0,0,5774,2},
{0xFC8D,0,0,5776,2},
{0xFC8E,0,0,5778,2},
{0xFC8F,0,0,5780,2},
{0xFC90,0,0,5782,2},
{0xFC91,0,0,5784,2},
{0xFC92,0,0,5786,2},
{0xFC93,0,0,5788,2},
{0xFC94,0,0,5790,2},
{0xFC95,0,0,5792,2},
{0xFC96,0,0,5794,2},
{0xFC97,0,0,5796,3},
{0xFC98,0,0,5799,3},
{0xFC99,0,0,5802,3},
{0xFC9A,0,0,5805,3},
{0xFC9B,0,0,5808,3},
{0xFC9C,0,0,5811,2},
{0xFC9D,0,0,5813,2},
{0xFC9E,0,0,5815,2},
{0xFC9F,0,0,5817,2},
{0xFCA0,0,0,5819,2},
{0xFCA1,0,0,5821,2},
{0xFCA2,0,0,5823,2},
{0xFCA3,0,0,5825,2},
{0xFCA4,0,0,5827,2},
{0xFCA5,0,0,5829,2},
{0xFCA6,0,0,5831,2},
{0xFCA7,0,0,5833,2},
{0xFCA8,0,0,5835,2},
{0xFCA9,0,0,5837,2},
{0xFCAA,0,0,5839,2},
{0xFCAB,0,0,5841,2},
{0xFCAC,0,0,5843,2},
{0xFCAD,0,0,5845,2},
{0xFCAE,0,0,5847,2},
{0xFCAF,0,0,5849,2},
{0xFCB0,0,0,5851,2},
{0xFCB1,0,0,5853,2},
{0xFCB2,0,0,5855,2},
{0xFCB3,0,0,5857,2},
{0xFCB4,0,0,5859,2},
{0xFCB5,0,0,5861,2},
{0xFCB6,0,0,5863,2},
{0xFCB7,0,0,5865,2},
{0xFCB8,0,0,5867,2},
{0xFCB9,0,0,5869,2},
{0xFCBA,0,0,5871,2},
{0xFCBB,0,0,5873,2},
{0xFCBC,0,0,5875,2},
{0xFCBD,0,0,5877,2},
{0xFCBE,0,0,5879,2},
{0xFCBF,0,0,5881,2},
{0xFCC0,0,0,5883,2},
{0xFCC1,0,0,5885,2},
{0xFCC2,0,0,5887,2},
{0xFCC3,0,0,5889,2},
{0xFCC4,0,0,5891,2},
{0xFCC5,0,0,5893,2},
{0xFCC6,0,0,5895,2},
{0xFCC7,0,0,5897,2},
{0xFCC8,0,0,5899,2},
{0xFCC9,0,0,5901,2},
{0xFCCA,0,0,5903,2},
{0xFCCB,0,0,5905,2},
{0xFCCC,0,0,5907,2},
{0xFCCD,0,0,5909,2},
{0xFCCE,0,0,5911,2},
{0xFCCF,0,0,5913,2},
{0xFCD0,0,0,5915,2},
{0xFCD1,0,0,5917,2},
{0xFCD2,0,0,5919,2},
{0xFCD3,0,0,5921,2},
{0xFCD4,0,0,5923,2},
{0xFCD5,0,0,5925,2},
{0xFCD6,0,0,5927,2},
{0xFCD7,0,0,5929,2},
{0xFCD8,0,0,5931,2},
{0xFCD9,0,0,5933,2},
{0xFCDA,0,0,5935,2},
{0xFCDB,0,0,5937,2},
{0xFCDC,0,0,5939,2},
{0xFCDD,0,0,5941,2},
{0xFCDE,0,0,5943,2},
{0xFCDF,0,0,5945,3},
{0xFCE0,0,0,5948,3},
{0xFCE1,0,0,5951,2},
{0xFCE2,0,0,5953,2},
{0xFCE3,0,0,5955,2},
{0xFCE4,0,0,5957,2},
{0xFCE5,0,0,5959,2},
{0xFCE6,0,0,5961,2},
{0xFCE7,0,0,5963,2},
{0xFCE8,0,0,5965,2},
{0xFCE9,0,0,5967,2},
{0xFCEA,0,0,5969,2},
{0xFCEB,0,0,5971,2},
{0xFCEC,0,0,5973,2},
{0xFCED,0,0,5975,2},
{0xFCEE,0,0,5977,2},
{0xFCEF,0,0,5979,2},
{0xFCF0,0,0,5981,2},
{0xFCF1,0,0,5983,2},
{0xFCF2,0,0,5985,3},
{0xFCF3,0,0,5988,3},
{0xFCF4,0,0,5991,3},
{0xFCF5,0,0,5994,2},
{0xFCF6,0,0,5996,2},
{0xFCF7,0,0,5998,2},
{0xFCF8,0,0,6000,2},
{0xFCF9,0,0,6002,2},
{0xFCFA,0,0,6004,2},
{0xFCFB,0,0,6006,2},
{0xFCFC,0,0,6008,2},
{0xFCFD,0,0,6010,2},
{0xFCFE,0,0,6012,2},
{0xFCFF,0,0,6014,2},
{0xFD00,0,0,6016,2},
{0xFD01,0,0,6018,2},
{0xFD02,0,0,6020,2},
{0xFD03,0,0,6022,2},
{0xFD04,0,0,6024,2},
{0xFD05,0,0,6026,2},
{0xFD06,0,0,6028,2},
{0xFD07,0,0,6030,2},
{0xFD08,0,0,6032,2},
{0xFD09,0,0,6034,2},
{0xFD0A,0,0,6036,2},
{0xFD0B,0,0,6038,2},
{0xFD0C,0,0,6040,2},
{0xFD0D,0,0,6042,2},
{0xFD0E,0,0,6044,2},
{0xFD0F,0,0,6046,2},
{0xFD10,0,0,6048,2},
{0xFD11,0,0,6050,2},
{0xFD12,0,0,6052,2},
{0xFD13,0,0,6054,2},
{0xFD14,0,0,6056,2},
{0xFD15,0,0,6058,2},
{0xFD16,0,0,6060,2},
{0xFD17,0,0,6062,2},
{0xFD18,0,0,6064,2},
{0xFD19,0,0,6066,2},
{0xFD1A,0,0,6068,2},
{0xFD1B,0,0,6070,2},
{0xFD1C,0,0,6072,2},
{0xFD1D,0,0,6074,2},
{0xFD1E,0,0,6076,2},
{0xFD1F,0,0,6078,2},
{0xFD20,0,0,6080,2},
{0xFD21,0,0,6082,2},
{0xFD22,0,0,6084,2},
{0xFD23,0,0,6086,2},
{0xFD24,0,0,6088,2},
{0xFD25,0,0,6090,2},
{0xFD26,0,0,6092,2},
{0xFD27,0,0,6094,2},
{0xFD28,0,0,6096,2},
{0xFD29,0,0,6098,2},
{0xFD2A,0,0,6100,2},
{0xFD2B,0,0,6102,2},
{0xFD2C,0,0,6104,2},
{0xFD2D,0,0,6106,2},
{0xFD2E,0,0,6108,2},
{0xFD2F,0,0,6110,2},
{0xFD30,0,0,6112,2},
{0xFD31,0,0,6114,2},
{0xFD32,0,0,6116,2},
{0xFD33,0,0,6118,2},
{0xFD34,0,0,6120,2},
{0xFD35,0,0,6122,2},
{0xFD36,0,0,6124,2},
{0xFD37,0,0,6126,2},
{0xFD38,0,0,6128,2},
{0xFD39,0,0,6130,2},
{0xFD3A,0,0,6132,2},
{0xFD3B,0,0,6134,2},
{0xFD3C,0,0,6136,2},
{0xFD3D,0,0,6138,2},
{0xFD50,0,0,6140,3},
{0xFD51,0,0,6143,3},
{0xFD52,0,0,6146,3},
{0xFD53,0,0,6149,3},
{0xFD54,0,0,6152,3},
{0xFD55,0,0,6155,3},
{0xFD56,0,0,6158,3},
{0xFD57,0,0,6161,3},
{0xFD58,0,0,6164,3},
{0xFD59,0,0,6167,3},
{0xFD5A,0,0,6170,3},
{0xFD5B,0,0,6173,3},
{0xFD5C,0,0,6176,3},
{0xFD5D,0,0,6179,3},
{0xFD5E,0,0,6182,3},
{0xFD5F,0,0,6185,3},
{0xFD60,0,0,6188,3},
{0xFD61,0,0,6191,3},
{0xFD62,0,0,6194,3},
{0xFD63,0,0,6197,3},
{0xFD64,0,0,6200,3},
{0xFD65,0,0,6203,3},
{0xFD66,0,0,6206,3},
{0xFD67,0,0,6209,3},
{0xFD68,0,0,6212,3},
{0xFD69,0,0,6215,3},
{0xFD6A,0,0,6218,3},
{0xFD6B,0,0,6221,3},
{0xFD6C,0,0,6224,3},
{0xFD6D,0,0,6227,3},
{0xFD6E,0,0,6230,3},
{0xFD6F,0,0,6233,3},
{0xFD70,0,0,6236,3},
{0xFD71,0,0,6239,3},
{0xFD72,0,0,6242,3},
{0xFD73,0,0,6245,3},
{0xFD74,0,0,6248,3},
{0xFD75,0,0,6251,3},
{0xFD76,0,0,6254,3},
{0xFD77,0,0,6257,3},
{0xFD78,0,0,6260,3},
{0xFD79,0,0,6263,3},
{0xFD7A,0,0,6266,3},
{0xFD7B,0,0,6269,3},
{0xFD7C,0,0,6272,3},
{0xFD7D,0,0,6275,3},
{0xFD7E,0,0,6278,3},
{0xFD7F,0,0,6281,3},
{0xFD80,0,0,6284,3},
{0xFD81,0,0,6287,3},
{0xFD82,0,0,6290,3},
{0xFD83,0,0,6293,3},
{0xFD84,0,0,6296,3},
{0xFD85,0,0,6299,3},
{0xFD86,0,0,6302,3},
{0xFD87,0,0,6305,3},
{0xFD88,0,0,6308,3},
{0xFD89,0,0,6311,3},
{0xFD8A,0,0,6314,3},
{0xFD8B,0,0,6317,3},
{0xFD8C,0,0,6320,3},
{0xFD8D,0,0,6323,3},
{0xFD8E,0,0,6326,3},
{0xFD8F,0,0,6329,3},
{0xFD92,0,0,6332,3},
{0xFD93,0,0,6335,3},
{0xFD94,0,0,6338,3},
{0xFD95,0,0,6341,3},
{0xFD96,0,0,6344,3},
{0xFD97,0,0,6347,3},
{0xFD98,0,0,6350,3},
{0xFD99,0,0,6353,3},
{0xFD9A,0,0,6356,3},
{0xFD9B,0,0,6359,3},
{0xFD9C,0,0,6362,3},
{0xFD9D,0,0,6365,3},
{0xFD9E,0,0,6368,3},
{0xFD9F,0,0,6371,3},
{0xFDA0,0,0,6374,3},
{0xFDA1,0,0,6377,3},
{0xFDA2,0,0,6380,3},
{0xFDA3,0,0,6383,3},
{0xFDA4,0,0,6386,3},
{0xFDA5,0,0,6389,3},
{0xFDA6,0,0,6392,3},
{0xFDA7,0,0,6395,3},
{0xFDA8,0,0,6398,3},
{0xFDA9,0,0,6401,3},
{0xFDAA,0,0,6404,3},
{0xFDAB,0,0,6407,3},
{0xFDAC,0,0,6410,3},
{0xFDAD,0,0,6413,3},
{0xFDAE,0,0,6416,3},
{0xFDAF,0,0,6419,3},
{0xFDB0,0,0,6422,3},
{0xFDB1,0,0,6425,3},
{0xFDB2,0,0,6428,3},
{0xFDB3,0,0,6431,3},
{0xFDB4,0,0,6434,3},
{0xFDB5,0,0,6437,3},
{0xFDB6,0,0,6440,3},
{0xFDB7,0,0,6443,3},
{0xFDB8,0,0,6446,3},
{0xFDB9,0,0,6449,3},
{0xFDBA,0,0,6452,3},
{0xFDBB,0,0,6455,3},
{0xFDBC,0,0,6458,3},
{0xFDBD,0,0,6461,3},
{0xFDBE,0,0,6464,3},
{0xFDBF,0,0,6467,3},
{0xFDC0,0,0,6470,3},
{0xFDC1,0,0,6473,3},
{0xFDC2,0,0,6476,3},
{0xFDC3,0,0,6479,3},
{0xFDC4,0,0,6482,3},
{0xFDC5,0,0,6485,3},
{0xFDC6,0,0,6488,3},
{0xFDC7,0,0,6491,3},
{0xFDF0,0,0,6494,3},
{0xFDF1,0,0,6497,3},
{0xFDF2,0,0,6500,4},
{0xFDF3,0,0,6504,4},
{0xFDF4,0,0,6508,4},
{0xFDF5,0,0,6512,4},
{0xFDF6,0,0,6516,4},
{0xFDF7,0,0,6520,4},
{0xFDF8,0,0,6524,4},
{0xFDF9,0,0,6528,3},
{0xFDFA,0,0,6531,18},
{0xFDFB,0,0,6549,8},
{0xFDFC,0,0,6557,4},
{0xFE10,0,0,6561,1},
{0xFE11,0,0,6562,1},
{0xFE12,0,0,6563,1},
{0xFE13,0,0,6564,1},
{0xFE14,0,0,6565,1},
{0xFE15,0,0,6566,1},
{0xFE16,0,0,6567,1},
{0xFE17,0,0,6568,1},
{0xFE18,0,0,6569,1},
{0xFE19,0,0,6570,3},
{0xFE30,0,0,6573,2},
{0xFE31,0,0,6575,1},
{0xFE32,0,0,6576,1},
{0xFE33,0,0,6577,1},
{0xFE34,0,0,6578,1},
{0xFE35,0,0,6579,1},
{0xFE36,0,0,6580,1},
{0xFE37,0,0,6581,1},
{0xFE38,0,0,6582,1},
{0xFE39,0,0,6583,1},
{0xFE3A,0,0,6584,1},
{0xFE3B,0,0,6585,1},
{0xFE3C,0,0,6586,1},
{0xFE3D,0,0,6587,1},
{0xFE3E,0,0,6588,1},
{0xFE3F,0,0,6589,1},
{0xFE40,0,0,6590,1},
{0xFE41,0,0,6591,1},
{0xFE42,0,0,6592,1},
{0xFE43,0,0,6593,1},
{0xFE44,0,0,6594,1},
{0xFE47,0,0,6595,1},
{0xFE48,0,0,6596,1},
{0xFE49,0,0,6597,2},
{0xFE4A,0,0,6599,2},
{0xFE4B,0,0,6601,2},
{0xFE4C,0,0,6603,2},
{0xFE4D,0,0,6605,1},
{0xFE4E,0,0,6606,1},
{0xFE4F,0,0,6607,1},
{0xFE50,0,0,6608,1},
{0xFE51,0,0,6609,1},
{0xFE52,0,0,6610,1},
{0xFE54,0,0,6611,1},
{0xFE55,0,0,6612,1},
{0xFE56,0,0,6613,1},
{0xFE57,0,0,6614,1},
{0xFE58,0,0,6615,1},
{0xFE59,0,0,6616,1},
{0xFE5A,0,0,6617,1},
{0xFE5B,0,0,6618,1},
{0xFE5C,0,0,6619,1},
{0xFE5D,0,0,6620,1},
{0xFE5E,0,0,6621,1},
{0xFE5F,0,0,6622,1},
{0xFE60,0,0,6623,1},
{0xFE61,0,0,6624,1},
{0xFE62,0,0,6625,1},
{0xFE63,0,0,6626,1},
{0xFE64,0,0,6627,1},
{0xFE65,0,0,6628,1},
{0xFE66,0,0,6629,1},
{0xFE68,0,0,6630,1},
{0xFE69,0,0,6631,1},
{0xFE6A,0,0,6632,1},
{0xFE6B,0,0,6633,1},
{0xFE70,0,0,6634,2},
{0xFE71,0,0,6636,2},
{0xFE72,0,0,6638,2},
{0xFE74,0,0,6640,2},
{0xFE76,0,0,6642,2},
{0xFE77,0,0,6644,2},
{0xFE78,0,0,6646,2},
{0xFE79,0,0,6648,2},
{0xFE7A,0,0,6650,2},
{0xFE7B,0,0,6652,2},
{0xFE7C,0,0,6654,2},
{0xFE7D,0,0,6656,2},
{0xFE7E,0,0,6658,2},
{0xFE7F,0,0,6660,2},
{0xFE80,0,0,6662,1},
{0xFE81,0,0,6663,2},
{0xFE82,0,0,6665,2},
{0xFE83,0,0,6667,2},
{0xFE84,0,0,6669,2},
{0xFE85,0,0,6671,2},
{0xFE86,0,0,6673,2},
{0xFE87,0,0,6675,2},
{0xFE88,0,0,6677,2},
{0xFE89,0,0,6679,2},
{0xFE8A,0,0,6681,2},
{0xFE8B,0,0,6683,2},
{0xFE8C,0,0,6685,2},
{0xFE8D,0,0,6687,1},
{0xFE8E,0,0,6688,1},
{0xFE8F,0,0,6689,1},
{0xFE90,0,0,6690,1},
{0xFE91,0,0,6691,1},
{0xFE92,0,0,6692,1},
{0xFE93,0,0,6693,1},
{0xFE94,0,0,6694,1},
{0xFE95,0,0,6695,1},
{0xFE96,0,0,6696,1},
{0xFE97,0,0,6697,1},
{0xFE98,0,0,6698,1},
{0xFE99,0,0,6699,1},
{0xFE9A,0,0,6700,1},
{0xFE9B,0,0,6701,1},
{0xFE9C,0,0,6702,1},
{0xFE9D,0,0,6703,1},
{0xFE9E,0,0,6704,1},
{0xFE9F,0,0,6705,1},
{0xFEA0,0,0,6706,1},
{0xFEA1,0,0,6707,1},
{0xFEA2,0,0,6708,1},
{0xFEA3,0,0,6709,1},
{0xFEA4,0,0,6710,1},
{0xFEA5,0,0,6711,1},
{0xFEA6,0,0,6712,1},
{0xFEA7,0,0,6713,1},
{0xFEA8,0,0,6714,1},
{0xFEA9,0,0,6715,1},
{0xFEAA,0,0,6716,1},
{0xFEAB,0,0,6717,1},
{0xFEAC,0,0,6718,1},
{0xFEAD,0,0,6719,1},
{0xFEAE,0,0,6720,1},
{0xFEAF,0,0,6721,1},
{0xFEB0,0,0,6722,1},
{0xFEB1,0,0,6723,1},
{0xFEB2,0,0,6724,1},
{0xFEB3,0,0,6725,1},
{0xFEB4,0,0,6726,1},
{0xFEB5,0,0,6727,1},
{0xFEB6,0,0,6728,1},
{0xFEB7,0,0,6729,1},
{0xFEB8,0,0,6730,1},
{0xFEB9,0,0,6731,1},
{0xFEBA,0,0,6732,1},
{0xFEBB,0,0,6733,1},
{0xFEBC,0,0,6734,1},
{0xFEBD,0,0,6735,1},
{0xFEBE,0,0,6736,1},
{0xFEBF,0,0,6737,1},
{0xFEC0,0,0,6738,1},
{0xFEC1,0,0,6739,1},
{0xFEC2,0,0,6740,1},
{0xFEC3,0,0,6741,1},
{0xFEC4,0,0,6742,1},
{0xFEC5,0,0,6743,1},
{0xFEC6,0,0,6744,1},
{0xFEC7,0,0,6745,1},
{0xFEC8,0,0,6746,1},
{0xFEC9,0,0,6747,1},
{0xFECA,0,0,6748,1},
{0xFECB,0,0,6749,1},
{0xFECC,0,0,6750,1},
{0xFECD,0,0,6751,1},
{0xFECE,0,0,6752,1},
{0xFECF,0,0,6753,1},
{0xFED0,0,0,6754,1},
{0xFED1,0,0,6755,1},
{0xFED2,0,0,6756,1},
{0xFED3,0,0,6757,1},
{0xFED4,0,0,6758,1},
{0xFED5,0,0,6759,1},
{0xFED6,0,0,6760,1},
{0xFED7,0,0,6761,1},
{0xFED8,0,0,6762,1},
{0xFED9,0,0,6763,1},
{0xFEDA,0,0,6764,1},
{0xFEDB,0,0,6765,1},
{0xFEDC,0,0,6766,1},
{0xFEDD,0,0,6767,1},
{0xFEDE,0,0,6768,1},
{0xFEDF,0,0,6769,1},
{0xFEE0,0,0,6770,1},
{0xFEE1,0,0,6771,1},
{0xFEE2,0,0,6772,1},
{0xFEE3,0,0,6773,1},
{0xFEE4,0,0,6774,1},
{0xFEE5,0,0,6775,1},
{0xFEE6,0,0,6776,1},
{0xFEE7,0,0,6777,1},
{0xFEE8,0,0,6778,1},
{0xFEE9,0,0,6779,1},
{0xFEEA,0,0,6780,1},
{0xFEEB,0,0,6781,1},
{0xFEEC,0,0,6782,1},
{0xFEED,0,0,6783,1},
{0xFEEE,0,0,6784,1},
{0xFEEF,0,0,6785,1},
{0xFEF0,0,0,6786,1},
{0xFEF1,0,0,6787,1},
{0xFEF2,0,0,6788,1},
{0xFEF3,0,0,6789,1},
{0xFEF4,0,0,6790,1},
{0xFEF5,0,0,6791,3},
{0xFEF6,0,0,6794,3},
{0xFEF7,0,0,6797,3},
{0xFEF8,0,0,6800,3},
{0xFEF9,0,0,6803,3},
{0xFEFA,0,0,6806,3},
{0xFEFB,0,0,6809,2},
{0xFEFC,0,0,6811,2},
{0xFF01,0,0,6813,1},
{0xFF02,0,0,6814,1},
{0xFF03,0,0,6815,1},
{0xFF04,0,0,6816,1},
{0xFF05,0,0,6817,1},
{0xFF06,0,0,6818,1},
{0xFF07,0,0,6819,1},
{0xFF08,0,0,6820,1},
{0xFF09,0,0,6821,1},
{0xFF0A,0,0,6822,1},
{0xFF0B,0,0,6823,1},
{0xFF0C,0,0,6824,1},
{0xFF0D,0,0,6825,1},
{0xFF0E,0,0,6826,1},
{0xFF0F,0,0,6827,1},
{0xFF10,0,0,6828,1},
{0xFF11,0,0,6829,1},
{0xFF12,0,0,6830,1},
{0xFF13,0,0,6831,1},
{0xFF14,0,0,6832,1},
{0xFF15,0,0,6833,1},
{0xFF16,0,0,6834,1},
{0xFF17,0,0,6835,1},
{0xFF18,0,0,6836,1},
{0xFF19,0,0,6837,1},
{0xFF1A,0,0,6838,1},
{0xFF1B,0,0,6839,1},
{0xFF1C,0,0,6840,1},
{0xFF1D,0,0,6841,1},
{0xFF1E,0,0,6842,1},
{0xFF1F,0,0,6843,1},
{0xFF20,0,0,6844,1},
{0xFF21,0,0,6845,1},
{0xFF22,0,0,6846,1},
{0xFF23,0,0,6847,1},
{0xFF24,0,0,6848,1},
{0xFF25,0,0,6849,1},
{0xFF26,0,0,6850,1},
{0xFF27,0,0,6851,1},
{0xFF28,0,0,6852,1},
{0xFF29,0,0,6853,1},
{0xFF2A,0,0,6854,1},
{0xFF2B,0,0,6855,1},
{0xFF2C,0,0,6856,1},
{0xFF2D,0,0,6857,1},
{0xFF2E,0,0,6858,1},
{0xFF2F,0,0,6859,1},
{0xFF30,0,0,6860,1},
{0xFF31,0,0,6861,1},
{0xFF32,0,0,6862,1},
{0xFF33,0,0,6863,1},
{0xFF34,0,0,6864,1},
{0xFF35,0,0,6865,1},
{0xFF36,0,0,6866,1},
{0xFF37,0,0,6867,1},
{0xFF38,0,0,6868,1},
{0xFF39,0,0,6869,1},
{0xFF3A,0,0,6870,1},
{0xFF3B,0,0,6871,1},
{0xFF3C,0,0,6872,1},
{0xFF3D,0,0,6873,1},
{0xFF3E,0,0,6874,1},
{0xFF3F,0,0,6875,1},
{0xFF40,0,0,6876,1},
{0xFF41,0,0,6877,1},
{0xFF42,0,0,6878,1},
{0xFF43,0,0,6879,1},
{0xFF44,0,0,6880,1},
{0xFF45,0,0,6881,1},
{0xFF46,0,0,6882,1},
{0xFF47,0,0,6883,1},
{0xFF48,0,0,6884,1},
{0xFF49,0,0,6885,1},
{0xFF4A,0,0,6886,1},
{0xFF4B,0,0,6887,1},
{0xFF4C,0,0,6888,1},
{0xFF4D,0,0,6889,1},
{0xFF4E,0,0,6890,1},
{0xFF4F,0,0,6891,1},
{0xFF50,0,0,6892,1},
{0xFF51,0,0,6893,1},
{0xFF52,0,0,6894,1},
{0xFF53,0,0,6895,1},
{0xFF54,0,0,6896,1},
{0xFF55,0,0,6897,1},
{0xFF56,0,0,6898,1},
{0xFF57,0,0,6899,1},
{0xFF58,0,0,6900,1},
{0xFF59,0,0,6901,1},
{0xFF5A,0,0,6902,1},
{0xFF5B,0,0,6903,1},
{0xFF5C,0,0,6904,1},
{0xFF5D,0,0,6905,1},
{0xFF5E,0,0,6906,1},
{0xFF5F,0,0,6907,1},
{0xFF60,0,0,6908,1},
{0xFF61,0,0,6909,1},
{0xFF62,0,0,6910,1},
{0xFF63,0,0,6911,1},
{0xFF64,0,0,6912,1},
{0xFF65,0,0,6913,1},
{0xFF66,0,0,6914,1},
{0xFF67,0,0,6915,1},
{0xFF68,0,0,6916,1},
{0xFF69,0,0,6917,1},
{0xFF6A,0,0,6918,1},
{0xFF6B,0,0,6919,1},
{0xFF6C,0,0,6920,1},
{0xFF6D,0,0,6921,1},
{0xFF6E,0,0,6922,1},
{0xFF6F,0,0,6923,1},
{0xFF70,0,0,6924,1},
{0xFF71,0,0,6925,1},
{0xFF72,0,0,6926,1},
{0xFF73,0,0,6927,1},
{0xFF74,0,0,6928,1},
{0xFF75,0,0,6929,1},
{0xFF76,0,0,6930,1},
{0xFF77,0,0,6931,1},
{0xFF78,0,0,6932,1},
{0xFF79,0,0,6933,1},
{0xFF7A,0,0,6934,1},
{0xFF7B,0,0,6935,1},
{0xFF7C,0,0,6936,1},
{0xFF7D,0,0,6937,1},
{0xFF7E,0,0,6938,1},
{0xFF7F,0,0,6939,1},
{0xFF80,0,0,6940,1},
{0xFF81,0,0,6941,1},
{0xFF82,0,0,6942,1},
{0xFF83,0,0,6943,1},
{0xFF84,0,0,6944,1},
{0xFF85,0,0,6945,1},
{0xFF86,0,0,6946,1},
{0xFF87,0,0,6947,1},
{0xFF88,0,0,6948,1},
{0xFF89,0,0,6949,1},
{0xFF8A,0,0,6950,1},
{0xFF8B,0,0,6951,1},
{0xFF8C,0,0,6952,1},
{0xFF8D,0,0,6953,1},
{0xFF8E,0,0,6954,1},
{0xFF8F,0,0,6955,1},
{0xFF90,0,0,6956,1},
{0xFF91,0,0,6957,1},
{0xFF92,0,0,6958,1},
{0xFF93,0,0,6959,1},
{0xFF94,0,0,6960,1},
{0xFF95,0,0,6961,1},
{0xFF96,0,0,6962,1},
{0xFF97,0,0,6963,1},
{0xFF98,0,0,6964,1},
{0xFF99,0,0,6965,1},
{0xFF9A,0,0,6966,1},
{0xFF9B,0,0,6967,1},
{0xFF9C,0,0,6968,1},
{0xFF9D,0,0,6969,1},
{0xFF9E,0,0,6970,1},
{0xFF9F,0,0,6971,1},
{0xFFA0,0,0,6972,1},
{0xFFA1,0,0,6973,1},
{0xFFA2,0,0,6974,1},
{0xFFA3,0,0,6975,1},
{0xFFA4,0,0,6976,1},
{0xFFA5,0,0,6977,1},
{0xFFA6,0,0,6978,1},
{0xFFA7,0,0,6979,1},
{0xFFA8,0,0,6980,1},
{0xFFA9,0,0,6981,1},
{0xFFAA,0,0,6982,1},
{0xFFAB,0,0,6983,1},
{0xFFAC,0,0,6984,1},
{0xFFAD,0,0,6985,1},
{0xFFAE,0,0,6986,1},
{0xFFAF,0,0,6987,1},
{0xFFB0,0,0,6988,1},
{0xFFB1,0,0,6989,1},
{0xFFB2,0,0,6990,1},
{0xFFB3,0,0,6991,1},
{0xFFB4,0,0,6992,1},
{0xFFB5,0,0,6993,1},
{0xFFB6,0,0,6994,1},
{0xFFB7,0,0,6995,1},
{0xFFB8,0,0,6996,1},
{0xFFB9,0,0,6997,1},
{0xFFBA,0,0,6998,1},
{0xFFBB,0,0,6999,1},
{0xFFBC,0,0,7000,1},
{0xFFBD,0,0,7001,1},
{0xFFBE,0,0,7002,1},
{0xFFC2,0,0,7003,1},
{0xFFC3,0,0,7004,1},
{0xFFC4,0,0,7005,1},
{0xFFC5,0,0,7006,1},
{0xFFC6,0,0,7007,1},
{0xFFC7,0,0,7008,1},
{0xFFCA,0,0,7009,1},
{0xFFCB,0,0,7010,1},
{0xFFCC,0,0,7011,1},
{0xFFCD,0,0,7012,1},
{0xFFCE,0,0,7013,1},
{0xFFCF,0,0,7014,1},
{0xFFD2,0,0,7015,1},
{0xFFD3,0,0,7016,1},
{0xFFD4,0,0,7017,1},
{0xFFD5,0,0,7018,1},
{0xFFD6,0,0,7019,1},
{0xFFD7,0,0,7020,1},
{0xFFDA,0,0,7021,1},
{0xFFDB,0,0,7022,1},
{0xFFDC,0,0,7023,1},
{0xFFE0,0,0,7024,1},
{0xFFE1,0,0,7025,1},
{0xFFE2,0,0,7026,1},
{0xFFE3,0,0,7027,2},
{0xFFE4,0,0,7029,1},
{0xFFE5,0,0,7030,1},
{0xFFE6,0,0,7031,1},
{0xFFE8,0,0,7032,1},
{0xFFE9,0,0,7033,1},
{0xFFEA,0,0,7034,1},
{0xFFEB,0,0,7035,1},
{0xFFEC,0,0,7036,1},
{0xFFED,0,0,7037,1},
{0xFFEE,0,0,7038,1},
{0x105C9,7039,2,7039,2},
{0x105E4,7041,2,7041,2},
{0x10781,0,0,7043,1},
{0x10782,0,0,7044,1},
{0x10783,0,0,7045,1},
{0x10784,0,0,7046,1},
{0x10785,0,0,7047,1},
{0x10787,0,0,7048,1},
{0x10788,0,0,7049,1},
{0x10789,0,0,7050,1},
{0x1078A,0,0,7051,1},
{0x1078B,0,0,7052,1},
{0x1078C,0,0,7053,1},
{0x1078D,0,0,7054,1},
{0x1078E,0,0,7055,1},
{0x1078F,0,0,7056,1},
{0x10790,0,0,7057,1},
{0x10791,0,0,7058,1},
{0x10792,0,0,7059,1},
{0x10793,0,0,7060,1},
{0x10794,0,0,7061,1},
{0x10795,0,0,7062,1},
{0x10796,0,0,7063,1},
{0x10797,0,0,7064,1},
{0x10798,0,0,7065,1},
{0x10799,0,0,7066,1},
{0x1079A,0,0,7067,1},
{0x1079B,0,0,7068,1},
{0x1079C,0,0,7069,1},
{0x1079D,0,0,7070,1},
{0x1079E,0,0,7071,1},
{0x1079F,0,0,7072,1},
{0x107A0,0,0,7073,1},
{0x107A1,0,0,7074,1},
{0x107A2,0,0,7075,1},
{0x107A3,0,0,7076,1},
{0x107A4,0,0,7077,1},
{0x107A5,0,0,7078,1},
{0x107A6,0,0,7079,1},
{0x107A7,0,0,7080,1},
{0x107A8,0,0,7081,1},
{0x107A9,0,0,7082,1},
{0x107AA,0,0,7083,1},
{0x107AB,0,0,7084,1},
{0x107AC,0,0,7085,1},
{0x107AD,0,0,7086,1},
{0x107AE,0,0,7087,1},
{0x107AF,0,0,7088,1},
{0x107B0,0,0,7089,1},
{0x107B2,0,0,7090,1},
{0x107B3,0,0,7091,1},
{0x107B4,0,0,7092,1},
{0x107B5,0,0,7093,1},
{0x107B6,0,0,7094,1},
{0x107B7,0,0,7095,1},
{0x107B8,0,0,7096,1},
{0x107B9,0,0,7097,1},
{0x107BA,0,0,7098,1},
{0x1109A,7099,2,7099,2},
{0x1109C,7101,2,7101,2},
{0x110AB,7103,2,7103,2},
{0x1112E,7105,2,7105,2},
{0x1112F,7107,2,7107,2},
{0x1134B,7109,2,7109,2},
{0x1134C,7111,2,7111,2},
{0x11383,7113,2,7113,2},
{0x11385,7115,2,7115,2},
{0x1138E,7117,2,7117,2},
{0x11391,7119,2,7119,2},
{0x113C5,7121,2,7121,2},
{0x113C7,7123,2,7123,2},
{0x113C8,7125,2,7125,2},
{0x114BB,7127,2,7127,2},
{0x114BC,7129,2,7129,2},
{0x114BE,7131,2,7131,2},
{0x115BA,7133,2,7133,2},
{0x115BB,7135,2,7135,2},
{0x11938,7137,2,7137,2},
{0x16121,7139,2,7139,2},
{0x16122,7141,2,7141,2},
{0x16123,7143,2,7143,2},
{0x16124,7145,2,7145,2},
{0x16125,7147,2,7147,2},
{0x16126,7149,3,7149,3},
{0x16127,7152,3,7152,3},
{0x16128,7155,3,7155,3},
{0x16D68,7158,2,7158,2},
{0x16D69,7160,2,7160,2},
{0x16D6A,7162,3,7162,3},
{0x1CCD6,0,0,7165,1},
{0x1CCD7,0,0,7166,1},
{0x1CCD8,0,0,7167,1},
{0x1CCD9,0,0,7168,1},
{0x1CCDA,0,0,7169,1},
{0x1CCDB,0,0,7170,1},
{0x1CCDC,0,0,7171,1},
{0x1CCDD,0,0,7172,1},
{0x1CCDE,0,0,7173,1},
{0x1CCDF,0,0,7174,1},
{0x1CCE0,0,0,7175,1},
{0x1CCE1,0,0,7176,1},
{0x1CCE2,0,0,7177,1},
{0x1CCE3,0,0,7178,1},
{0x1CCE4,0,0,7179,1},
{0x1CCE5,0,0,7180,1},
{0x1CCE6,0,0,7181,1},
{0x1CCE7,0,0,7182,1},
{0x1CCE8,0,0,7183,1},
{0x1CCE9,0,0,7184,1},
{0x1CCEA,0,0,7185,1},
{0x1CCEB,0,0,7186,1},
{0x1CCEC,0,0,7187,1},
{0x1CCED,0,0,7188,1},
{0x1CCEE,0,0,7189,1},
{0x1CCEF,0,0,7190,1},
{0x1CCF0,0,0,7191,1},
{0x1CCF1,0,0,7192,1},
{0x1CCF2,0,0,7193,1},
{0x1CCF3,0,0,7194,1},
{0x1CCF4,0,0,7195,1},
{0x1CCF5,0,0,7196,1},
{0x1CCF6,0,0,7197,1},
{0x1CCF7,0,0,7198,1},
{0x1CCF8,0,0,7199,1},
{0x1CCF9,0,0,7200,1},
{0x1D15E,7201,2,7201,2},
{0x1D15F,7203,2,7203,2},
{0x1D160,7205,3,7205,3},
{0x1D161,7208,3,7208,3},
{0x1D162,7211,3,7211,3},
{0x1D163,7214,3,7214,3},
{0x1D164,7217,3,7217,3},
{0x1D1BB,7220,2,7220,2},
{0x1D1BC,7222,2,7222,2},
{0x1D1BD,7224,3,7224,3},
{0x1D1BE,7227,3,7227,3},
{0x1D1BF,7230,3,7230,3},
{0x1D1C0,7233,3,7233,3},
{0x1D400,0,0,7236,1},
{0x1D401,0,0,7237,1},
{0x1D402,0,0,7238,1},
{0x1D403,0,0,7239,1},
{0x1D404,0,0,7240,1},
{0x1D405,0,0,7241,1},
{0x1D406,0,0,7242,1},
{0x1D407,0,0,7243,1},
{0x1D408,0,0,7244,1},
{0x1D409,0,0,7245,1},
{0x1D40A,0,0,7246,1},
{0x1D40B,0,0,7247,1},
{0x1D40C,0,0,7248,1},
{0x1D40D,0,0,7249,1},
{0x1D40E,0,0,7250,1},
{0x1D40F,0,0,7251,1},
{0x1D410,0,0,7252,1},
{0x1D411,0,0,7253,1},
{0x1D412,0,0,7254,1},
{0x1D413,0,0,7255,1},
{0x1D414,0,0,7256,1},
{0x1D415,0,0,7257,1},
{0x1D416,0,0,7258,1},
{0x1D417,0,0,7259,1},
{0x1D418,0,0,7260,1},
{0x1D419,0,0,7261,1},
{0x1D41A,0,0,7262,1},
{0x1D41B,0,0,7263,1},
{0x1D41C,0,0,7264,1},
{0x1D41D,0,0,7265,1},
{0x1D41E,0,0,7266,1},
{0x1D41F,0,0,7267,1},
{0x1D420,0,0,7268,1},
{0x1D421,0,0,7269,1},
{0x1D422,0,0,7270,1},
{0x1D423,0,0,7271,1},
{0x1D424,0,0,7272,1},
{0x1D425,0,0,7273,1},
{0x1D426,0,0,7274,1},
{0x1D427,0,0,7275,1},
{0x1D428,0,0,7276,1},
{0x1D429,0,0,7277,1},
{0x1D42A,0,0,7278,1},
{0x1D42B,0,0,7279,1},
{0x1D42C,0,0,7280,1},
{0x1D42D,0,0,7281,1},
{0x1D42E,0,0,7282,1},
{0x1D42F,0,0,7283,1},
{0x1D430,0,0,7284,1},
{0x1D431,0,0,7285,1},
{0x1D432,0,0,7286,1},
{0x1D433,0,0,7287,1},
{0x1D434,0,0,7288,1},
{0x1D435,0,0,7289,1},
{0x1D436,0,0,7290,1},
{0x1D437,0,0,7291,1},
{0x1D438,0,0,7292,1},
{0x1D439,0,0,7293,1},
{0x1D43A,0,0,7294,1},
{0x1D43B,0,0,7295,1},
{0x1D43C,0,0,7296,1},
{0x1D43D,0,0,7297,1},
{0x1D43E,0,0,7298,1},
{0x1D43F,0,0,7299,1},
{0x1D440,0,0,7300,1},
{0x1D441,0,0,7301,1},
{0x1D442,0,0,7302,1},
{0x1D443,0,0,7303,1},
{0x1D444,0,0,7304,1},
{0x1D445,0,0,7305,1},
{0x1D446,0,0,7306,1},
{0x1D447,0,0,7307,1},
{0x1D448,0,0,7308,1},
{0x1D449,0,0,7309,1},
{0x1D44A,0,0,7310,1},
{0x1D44B,0,0,7311,1},
{0x1D44C,0,0,7312,1},
{0x1D44D,0,0,7313,1},
{0x1D44E,0,0,7314,1},
{0x1D44F,0,0,7315,1},
{0x1D450,0,0,7316,1},
{0x1D451,0,0,7317,1},
{0x1D452,0,0,7318,1},
{0x1D453,0,0,7319,1},
{0x1D454,0,0,7320,1},
{0x1D456,0,0,7321,1},
{0x1D457,0,0,7322,1},
{0x1D458,0,0,7323,1},
{0x1D459,0,0,7324,1},
{0x1D45A,0,0,7325,1},
{0x1D45B,0,0,7326,1},
{0x1D45C,0,0,7327,1},
{0x1D45D,0,0,7328,1},
{0x1D45E,0,0,7329,1},
{0x1D45F,0,0,7330,1},
{0x1D460,0,0,7331,1},
{0x1D461,0,0,7332,1},
{0x1D462,0,0,7333,1},
{0x1D463,0,0,7334,1},
{0x1D464,0,0,7335,1},
{0x1D465,0,0,7336,1},
{0x1D466,0,0,7337,1},
{0x1D467,0,0,7338,1},
{0x1D468,0,0,7339,1},
{0x1D469,0,0,7340,1},
{0x1D46A,0,0,7341,1},
{0x1D46B,0,0,7342,1},
{0x1D46C,0,0,7343,1},
{0x1D46D,0,0,7344,1},
{0x1D46E,0,0,7345,1},
{0x1D46F,0,0,7346,1},
{0x1D470,0,0,7347,1},
{0x1D471,0,0,7348,1},
{0x1D472,0,0,7349,1},
{0x1D473,0,0,7350,1},
{0x1D474,0,0,7351,1},
{0x1D475,0,0,7352,1},
{0x1D476,0,0,7353,1},
{0x1D477,0,0,7354,1},
{0x1D478,0,0,7355,1},
{0x1D479,0,0,7356,1},
{0x1D47A,0,0,7357,1},
{0x1D47B,0,0,7358,1},
{0x1D47C,0,0,7359,1},
{0x1D47D,0,0,7360,1},
{0x1D47E,0,0,7361,1},
{0x1D47F,0,0,7362,1},
{0x1D480,0,0,7363,1},
{0x1D481,0,0,7364,1},
{0x1D482,0,0,7365,1},
{0x1D483,0,0,7366,1},
{0x1D484,0,0,7367,1},
{0x1D485,0,0,7368,1},
{0x1D486,0,0,7369,1},
{0x1D487,0,0,7370,1},
{0x1D488,0,0,7371,1},
{0x1D489,0,0,7372,1},
{0x1D48A,0,0,7373,1},
{0x1D48B,0,0,7374,1},
{0x1D48C,0,0,7375,1},
{0x1D48D,0,0,7376,1},
{0x1D48E,0,0,7377,1},
{0x1D48F,0,0,7378,1},
{0x1D490,0,0,7379,1},
{0x1D491,0,0,7380,1},
{0x1D492,0,0,7381,1},
{0x1D493,0,0,7382,1},
{0x1D494,0,0,7383,1},
{0x1D495,0,0,7384,1},
{0x1D496,0,0,7385,1},
{0x1D497,0,0,7386,1},
{0x1D498,0,0,7387,1},
{0x1D499,0,0,7388,1},
{0x1D49A,0,0,7389,1},
{0x1D49B,0,0,7390,1},
{0x1D49C,0,0,7391,1},
{0x1D49E,0,0,7392,1},
{0x1D49F,0,0,7393,1},
{0x1D4A2,0,0,7394,1},
{0x1D4A5,0,0,7395,1},
{0x1D4A6,0,0,7396,1},
{0x1D4A9,0,0,7397,1},
{0x1D4AA,0,0,7398,1},
{0x1D4AB,0,0,7399,1},
{0x1D4AC,0,0,7400,1},
{0x1D4AE,0,0,7401,1},
{0x1D4AF,0,0,7402,1},
{0x1D4B0,0,0,7403,1},
{0x1D4B1,0,0,7404,1},
{0x1D4B2,0,0,7405,1},
{0x1D4B3,0,0,7406,1},
{0x1D4B4,0,0,7407,1},
{0x1D4B5,0,0,7408,1},
{0x1D4B6,0,0,7409,1},
{0x1D4B7,0,0,7410,1},
{0x1D4B8,0,0,7411,1},
{0x1D4B9,0,0,7412,1},
{0x1D4BB,0,0,7413,1},
{0x1D4BD,0,0,7414,1},
{0x1D4BE,0,0,7415,1},
{0x1D4BF,0,0,7416,1},
{0x1D4C0,0,0,7417,1},
{0x1D4C1,0,0,7418,1},
{0x1D4C2,0,0,7419,1},
{0x1D4C3,0,0,7420,1},
{0x1D4C5,0,0,7421,1},
{0x1D4C6,0,0,7422,1},
{0x1D4C7,0,0,7423,1},
{0x1D4C8,0,0,7424,1},
{0x1D4C9,0,0,7425,1},
{0x1D4CA,0,0,7426,1},
{0x1D4CB,0,0,7427,1},
{0x1D4CC,0,0,7428,1},
{0x1D4CD,0,0,7429,1},
{0x1D4CE,0,0,7430,1},
{0x1D4CF,0,0,7431,1},
{0x1D4D0,0,0,7432,1},
{0x1D4D1,0,0,7433,1},
{0x1D4D2,0,0,7434,1},
{0x1D4D3,0,0,7435,1},
{0x1D4D4,0,0,7436,1},
{0x1D4D5,0,0,7437,1},
{0x1D4D6,0,0,7438,1},
{0x1D4D7,0,0,7439,1},
{0x1D4D8,0,0,7440,1},
{0x1D4D9,0,0,7441,1},
{0x1D4DA,0,0,7442,1},
{0x1D4DB,0,0,7443,1},
{0x1D4DC,0,0,7444,1},
{0x1D4DD,0,0,7445,1},
{0x1D4DE,0,0,7446,1},
{0x1D4DF,0,0,7447,1},
{0x1D4E0,0,0,7448,1},
{0x1D4E1,0,0,7449,1},
{0x1D4E2,0,0,7450,1},
{0x1D4E3,0,0,7451,1},
{0x1D4E4,0,0,7452,1},
{0x1D4E5,0,0,7453,1},
{0x1D4E6,0,0,7454,1},
{0x1D4E7,0,0,7455,1},
{0x1D4E8,0,0,7456,1},
{0x1D4E9,0,0,7457,1},
{0x1D4EA,0,0,7458,1},
{0x1D4EB,0,0,7459,1},
{0x1D4EC,0,0,7460,1},
{0x1D4ED,0,0,7461,1},
{0x1D4EE,0,0,7462,1},
{0x1D4EF,0,0,7463,1},
{0x1D4F0,0,0,7464,1},
{0x1D4F1,0,0,7465,1},
{0x1D4F2,0,0,7466,1},
{0x1D4F3,0,0,7467,1},
{0x1D4F4,0,0,7468,1},
{0x1D4F5,0,0,7469,1},
{0x1D4F6,0,0,7470,1},
{0x1D4F7,0,0,7471,1},
{0x1D4F8,0,0,7472,1},
{0x1D4F9,0,0,7473,1},
{0x1D4FA,0,0,7474,1},
{0x1D4FB,0,0,7475,1},
{0x1D4FC,0,0,7476,1},
{0x1D4FD,0,0,7477,1},
{0x1D4FE,0,0,7478,1},
{0x1D4FF,0,0,7479,1},
{0x1D500,0,0,7480,1},
{0x1D501,0,0,7481,1},
{0x1D502,0,0,7482,1},
{0x1D503,0,0,7483,1},
{0x1D504,0,0,7484,1},
{0x1D505,0,0,7485,1},
{0x1D507,0,0,7486,1},
{0x1D508,0,0,7487,1},
{0x1D509,0,0,7488,1},
{0x1D50A,0,0,7489,1},
{0x1D50D,0,0,7490,1},
{0x1D50E,0,0,7491,1},
{0x1D50F,0,0,7492,1},
{0x1D510,0,0,7493,1},
{0x1D511,0,0,7494,1},
{0x1D512,0,0,7495,1},
{0x1D513,0,0,7496,1},
{0x1D514,0,0,7497,1},
{0x1D516,0,0,7498,1},
{0x1D517,0,0,7499,1},
{0x1D518,0,0,7500,1},
{0x1D519,0,0,7501,1},
{0x1D51A,0,0,7502,1},
{0x1D51B,0,0,7503,1},
{0x1D51C,0,0,7504,1},
{0x1D51E,0,0,7505,1},
{0x1D51F,0,0,7506,1},
{0x1D520,0,0,7507,1},
{0x1D521,0,0,7508,1},
{0x1D522,0,0,7509,1},
{0x1D523,0,0,7510,1},
{0x1D524,0,0,7511,1},
{0x1D525,0,0,7512,1},
{0x1D526,0,0,7513,1},
{0x1D527,0,0,7514,1},
{0x1D528,0,0,7515,1},
{0x1D529,0,0,7516,1},
{0x1D52A,0,0,7517,1},
{0x1D52B,0,0,7518,1},
{0x1D52C,0,0,7519,1},
{0x1D52D,0,0,7520,1},
{0x1D52E,0,0,7521,1},
{0x1D52F,0,0,7522,1},
{0x1D530,0,0,7523,1},
{0x1D531,0,0,7524,1},
{0x1D532,0,0,7525,1},
{0x1D533,0,0,7526,1},
{0x1D534,0,0,7527,1},
{0x1D535,0,0,7528,1},
{0x1D536,0,0,7529,1},
{0x1D537,0,0,7530,1},
{0x1D538,0,0,7531,1},
{0x1D539,0,0,7532,1},
{0x1D53B,0,0,7533,1},
{0x1D53C,0,0,7534,1},
{0x1D53D,0,0,7535,1},
{0x1D53E,0,0,7536,1},
{0x1D540,0,0,7537,1},
{0x1D541,0,0,7538,1},
{0x1D542,0,0,7539,1},
{0x1D543,0,0,7540,1},
{0x1D544,0,0,7541,1},
{0x1D546,0,0,7542,1},
{0x1D54A,0,0,7543,1},
{0x1D54B,0,0,7544,1},
{0x1D54C,0,0,7545,1},
{0x1D54D,0,0,7546,1},
{0x1D54E,0,0,7547,1},
{0x1D54F,0,0,7548,1},
{0x1D550,0,0,7549,1},
{0x1D552,0,0,7550,1},
{0x1D553,0,0,7551,1},
{0x1D554,0,0,7552,1},
{0x1D555,0,0,7553,1},
{0x1D556,0,0,7554,1},
{0x1D557,0,0,7555,1},
{0x1D558,0,0,7556,1},
{0x1D559,0,0,7557,1},
{0x1D55A,0,0,7558,1},
{0x1D55B,0,0,7559,1},
{0x1D55C,0,0,7560,1},
{0x1D55D,0,0,7561,1},
{0x1D55E,0,0,7562,1},
{0x1D55F,0,0,7563,1},
{0x1D560,0,0,7564,1},
{0x1D561,0,0,7565,1},
{0x1D562,0,0,7566,1},
{0x1D563,0,0,7567,1},
{0x1D564,0,0,7568,1},
{0x1D565,0,0,7569,1},
{0x1D566,0,0,7570,1},
{0x1D567,0,0,7571,1},
{0x1D568,0,0,7572,1},
{0x1D569,0,0,7573,1},
{0x1D56A,0,0,7574,1},
{0x1D56B,0,0,7575,1},
{0x1D56C,0,0,7576,1},
{0x1D56D,0,0,7577,1},
{0x1D56E,0,0,7578,1},
{0x1D56F,0,0,7579,1},
{0x1D570,0,0,7580,1},
{0x1D571,0,0,7581,1},
{0x1D572,0,0,7582,1},
{0x1D573,0,0,7583,1},
{0x1D574,0,0,7584,1},
{0x1D575,0,0,7585,1},
{0x1D576,0,0,7586,1},
{0x1D577,0,0,7587,1},
{0x1D578,0,0,7588,1},
{0x1D579,0,0,7589,1},
{0x1D57A,0,0,7590,1},
{0x1D57B,0,0,7591,1},
{0x1D57C,0,0,7592,1},
{0x1D57D,0,0,7593,1},
{0x1D57E,0,0,7594,1},
{0x1D57F,0,0,7595,1},
{0x1D580,0,0,7596,1},
{0x1D581,0,0,7597,1},
{0x1D582,0,0,7598,1},
{0x1D583,0,0,7599,1},
{0x1D584,0,0,7600,1},
{0x1D585,0,0,7601,1},
{0x1D586,0,0,7602,1},
{0x1D587,0,0,7603,1},
{0x1D588,0,0,7604,1},
{0x1D589,0,0,7605,1},
{0x1D58A,0,0,7606,1},
{0x1D58B,0,0,7607,1},
{0x1D58C,0,0,7608,1},
{0x1D58D,0,0,7609,1},
{0x1D58E,0,0,7610,1},
{0x1D58F,0,0,7611,1},
{0x1D590,0,0,7612,1},
{0x1D591,0,0,7613,1},
{0x1D592,0,0,7614,1},
{0x1D593,0,0,7615,1},
{0x1D594,0,0,7616,1},
{0x1D595,0,0,7617,1},
{0x1D596,0,0,7618,1},
{0x1D597,0,0,7619,1},
{0x1D598,0,0,7620,1},
{0x1D599,0,0,7621,1},
{0x1D59A,0,0,7622,1},
{0x1D59B,0,0,7623,1},
{0x1D59C,0,0,7624,1},
{0x1D59D,0,0,7625,1},
{0x1D59E,0,0,7626,1},
{0x1D59F,0,0,7627,1},
{0x1D5A0,0,0,7628,1},
{0x1D5A1,0,0,7629,1},
{0x1D5A2,0,0,7630,1},
{0x1D5A3,0,0,7631,1},
{0x1D5A4,0,0,7632,1},
{0x1D5A5,0,0,7633,1},
{0x1D5A6,0,0,7634,1},
{0x1D5A7,0,0,7635,1},
{0x1D5A8,0,0,7636,1},
{0x1D5A9,0,0,7637,1},
{0x1D5AA,0,0,7638,1},
{0x1D5AB,0,0,7639,1},
{0x1D5AC,0,0,7640,1},
{0x1D5AD,0,0,7641,1},
{0x1D5AE,0,0,7642,1},
{0x1D5AF,0,0,7643,1},
{0x1D5B0,0,0,7644,1},
{0x1D5B1,0,0,7645,1},
{0x1D5B2,0,0,7646,1},
{0x1D5B3,0,0,7647,1},
{0x1D5B4,0,0,7648,1},
{0x1D5B5,0,0,7649,1},
{0x1D5B6,0,0,7650,1},
{0x1D5B7,0,0,7651,1},
{0x1D5B8,0,0,7652,1},
{0x1D5B9,0,0,7653,1},
{0x1D5BA,0,0,7654,1},
{0x1D5BB,0,0,7655,1},
{0x1D5BC,0,0,7656,1},
{0x1D5BD,0,0,7657,1},
{0x1D5BE,0,0,7658,1},
{0x1D5BF,0,0,7659,1},
{0x1D5C0,0,0,7660,1},
{0x1D5C1,0,0,7661,1},
{0x1D5C2,0,0,7662,1},
{0x1D5C3,0,0,7663,1},
{0x1D5C4,0,0,7664,1},
{0x1D5C5,0,0,7665,1},
{0x1D5C6,0,0,7666,1},
{0x1D5C7,0,0,7667,1},
{0x1D5C8,0,0,7668,1},
{0x1D5C9,0,0,7669,1},
{0x1D5CA,0,0,7670,1},
{0x1D5CB,0,0,7671,1},
{0x1D5CC,0,0,7672,1},
{0x1D5CD,0,0,7673,1},
{0x1D5CE,0,0,7674,1},
{0x1D5CF,0,0,7675,1},
{0x1D5D0,0,0,7676,1},
{0x1D5D1,0,0,7677,1},
{0x1D5D2,0,0,7678,1},
{0x1D5D3,0,0,7679,1},
{0x1D5D4,0,0,7680,1},
{0x1D5D5,0,0,7681,1},
{0x1D5D6,0,0,7682,1},
{0x1D5D7,0,0,7683,1},
{0x1D5D8,0,0,7684,1},
{0x1D5D9,0,0,7685,1},
{0x1D5DA,0,0,7686,1},
{0x1D5DB,0,0,7687,1},
{0x1D5DC,0,0,7688,1},
{0x1D5DD,0,0,7689,1},
{0x1D5DE,0,0,7690,1},
{0x1D5DF,0,0,7691,1},
{0x1D5E0,0,0,7692,1},
{0x1D5E1,0,0,7693,1},
{0x1D5E2,0,0,7694,1},
{0x1D5E3,0,0,7695,1},
{0x1D5E4,0,0,7696,1},
{0x1D5E5,0,0,7697,1},
{0x1D5E6,0,0,7698,1},
{0x1D5E7,0,0,7699,1},
{0x1D5E8,0,0,7700,1},
{0x1D5E9,0,0,7701,1},
{0x1D5EA,0,0,7702,1},
{0x1D5EB,0,0,7703,1},
{0x1D5EC,0,0,7704,1},
{0x1D5ED,0,0,7705,1},
{0x1D5EE,0,0,7706,1},
{0x1D5EF,0,0,7707,1},
{0x1D5F0,0,0,7708,1},
{0x1D5F1,0,0,7709,1},
{0x1D5F2,0,0,7710,1},
{0x1D5F3,0,0,7711,1},
{0x1D5F4,0,0,7712,1},
{0x1D5F5,0,0,7713,1},
{0x1D5F6,0,0,7714,1},
{0x1D5F7,0,0,7715,1},
{0x1D5F8,0,0,7716,1},
{0x1D5F9,0,0,7717,1},
{0x1D5FA,0,0,7718,1},
{0x1D5FB,0,0,7719,1},
{0x1D5FC,0,0,7720,1},
{0x1D5FD,0,0,7721,1},
{0x1D5FE,0,0,7722,1},
{0x1D5FF,0,0,7723,1},
{0x1D600,0,0,7724,1},
{0x1D601,0,0,7725,1},
{0x1D602,0,0,7726,1},
{0x1D603,0,0,7727,1},
{0x1D604,0,0,7728,1},
{0x1D605,0,0,7729,1},
{0x1D606,0,0,7730,1},
{0x1D607,0,0,7731,1},
{0x1D608,0,0,7732,1},
{0x1D609,0,0,7733,1},
{0x1D60A,0,0,7734,1},
{0x1D60B,0,0,7735,1},
{0x1D60C,0,0,7736,1},
{0x1D60D,0,0,7737,1},
{0x1D60E,0,0,7738,1},
{0x1D60F,0,0,7739,1},
{0x1D610,0,0,7740,1},
{0x1D611,0,0,7741,1},
{0x1D612,0,0,7742,1},
{0x1D613,0,0,7743,1},
{0x1D614,0,0,7744,1},
{0x1D615,0,0,7745,1},
{0x1D616,0,0,7746,1},
{0x1D617,0,0,7747,1},
{0x1D618,0,0,7748,1},
{0x1D619,0,0,7749,1},
{0x1D61A,0,0,7750,1},
{0x1D61B,0,0,7751,1},
{0x1D61C,0,0,7752,1},
{0x1D61D,0,0,7753,1},
{0x1D61E,0,0,7754,1},
{0x1D61F,0,0,7755,1},
{0x1D620,0,0,7756,1},
{0x1D621,0,0,7757,1},
{0x1D622,0,0,7758,1},
{0x1D623,0,0,7759,1},
{0x1D624,0,0,7760,1},
{0x1D625,0,0,7761,1},
{0x1D626,0,0,7762,1},
{0x1D627,0,0,7763,1},
{0x1D628,0,0,7764,1},
{0x1D629,0,0,7765,1},
{0x1D62A,0,0,7766,1},
{0x1D62B,0,0,7767,1},
{0x1D62C,0,0,7768,1},
{0x1D62D,0,0,7769,1},
{0x1D62E,0,0,7770,1},
{0x1D62F,0,0,7771,1},
{0x1D630,0,0,7772,1},
{0x1D631,0,0,7773,1},
{0x1D632,0,0,7774,1},
{0x1D633,0,0,7775,1},
{0x1D634,0,0,7776,1},
{0x1D635,0,0,7777,1},
{0x1D636,0,0,7778,1},
{0x1D637,0,0,7779,1},
{0x1D638,0,0,7780,1},
{0x1D639,0,0,7781,1},
{0x1D63A,0,0,7782,1},
{0x1D63B,0,0,7783,1},
{0x1D63C,0,0,7784,1},
{0x1D63D,0,0,7785,1},
{0x1D63E,0,0,7786,1},
{0x1D63F,0,0,7787,1},
{0x1D640,0,0,7788,1},
{0x1D641,0,0,7789,1},
{0x1D642,0,0,7790,1},
{0x1D643,0,0,7791,1},
{0x1D644,0,0,7792,1},
{0x1D645,0,0,7793,1},
{0x1D646,0,0,7794,1},
{0x1D647,0,0,7795,1},
{0x1D648,0,0,7796,1},
{0x1D649,0,0,7797,1},
{0x1D64A,0,0,7798,1},
{0x1D64B,0,0,7799,1},
{0x1D64C,0,0,7800,1},
{0x1D64D,0,0,7801,1},
{0x1D64E,0,0,7802,1},
{0x1D64F,0,0,7803,1},
{0x1D650,0,0,7804,1},
{0x1D651,0,0,7805,1},
{0x1D652,0,0,7806,1},
{0x1D653,0,0,7807,1},
{0x1D654,0,0,7808,1},
{0x1D655,0,0,7809,1},
{0x1D656,0,0,7810,1},
{0x1D657,0,0,7811,1},
{0x1D658,0,0,7812,1},
{0x1D659,0,0,7813,1},
{0x1D65A,0,0,7814,1},
{0x1D65B,0,0,7815,1},
{0x1D65C,0,0,7816,1},
{0x1D65D,0,0,7817,1},
{0x1D65E,0,0,7818,1},
{0x1D65F,0,0,7819,1},
{0x1D660,0,0,7820,1},
{0x1D661,0,0,7821,1},
{0x1D662,0,0,7822,1},
{0x1D663,0,0,7823,1},
{0x1D664,0,0,7824,1},
{0x1D665,0,0,7825,1},
{0x1D666,0,0,7826,1},
{0x1D667,0,0,7827,1},
{0x1D668,0,0,7828,1},
{0x1D669,0,0,7829,1},
{0x1D66A,0,0,7830,1},
{0x1D66B,0,0,7831,1},
{0x1D66C,0,0,7832,1},
{0x1D66D,0,0,7833,1},
{0x1D66E,0,0,7834,1},
{0x1D66F,0,0,7835,1},
{0x1D670,0,0,7836,1},
{0x1D671,0,0,7837,1},
{0x1D672,0,0,7838,1},
{0x1D673,0,0,7839,1},
{0x1D674,0,0,7840,1},
{0x1D675,0,0,7841,1},
{0x1D676,0,0,7842,1},
{0x1D677,0,0,7843,1},
{0x1D678,0,0,7844,1},
{0x1D679,0,0,7845,1},
{0x1D67A,0,0,7846,1},
{0x1D67B,0,0,7847,1},
{0x1D67C,0,0,7848,1},
{0x1D67D,0,0,7849,1},
{0x1D67E,0,0,7850,1},
{0x1D67F,0,0,7851,1},
{0x1D680,0,0,7852,1},
{0x1D681,0,0,7853,1},
{0x1D682,0,0,7854,1},
{0x1D683,0,0,7855,1},
{0x1D684,0,0,7856,1},
{0x1D685,0,0,7857,1},
{0x1D686,0,0,7858,1},
{0x1D687,0,0,7859,1},
{0x1D688,0,0,7860,1},
{0x1D689,0,0,7861,1},
{0x1D68A,0,0,7862,1},
{0x1D68B,0,0,7863,1},
{0x1D68C,0,0,7864,1},
{0x1D68D,0,0,7865,1},
{0x1D68E,0,0,7866,1},
{0x1D68F,0,0,7867,1},
{0x1D690,0,0,7868,1},
{0x1D691,0,0,7869,1},
{0x1D692,0,0,7870,1},
{0x1D693,0,0,7871,1},
{0x1D694,0,0,7872,1},
{0x1D695,0,0,7873,1},
{0x1D696,0,0,7874,1},
{0x1D697,0,0,7875,1},
{0x1D698,0,0,7876,1},
{0x1D699,0,0,7877,1},
{0x1D69A,0,0,7878,1},
{0x1D69B,0,0,7879,1},
{0x1D69C,0,0,7880,1},
{0x1D69D,0,0,7881,1},
{0x1D69E,0,0,7882,1},
{0x1D69F,0,0,7883,1},
{0x1D6A0,0,0,7884,1},
{0x1D6A1,0,0,7885,1},
{0x1D6A2,0,0,7886,1},
{0x1D6A3,0,0,7887,1},
{0x1D6A4,0,0,7888,1},
{0x1D6A5,0,0,7889,1},
{0x1D6A8,0,0,7890,1},
{0x1D6A9,0,0,7891,1},
{0x1D6AA,0,0,7892,1},
{0x1D6AB,0,0,7893,1},
{0x1D6AC,0,0,7894,1},
{0x1D6AD,0,0,7895,1},
{0x1D6AE,0,0,7896,1},
{0x1D6AF,0,0,7897,1},
{0x1D6B0,0,0,7898,1},
{0x1D6B1,0,0,7899,1},
{0x1D6B2,0,0,7900,1},
{0x1D6B3,0,0,7901,1},
{0x1D6B4,0,0,7902,1},
{0x1D6B5,0,0,7903,1},
{0x1D6B6,0,0,7904,1},
{0x1D6B7,0,0,7905,1},
{0x1D6B8,0,0,7906,1},
{0x1D6B9,0,0,7907,1},
{0x1D6BA,0,0,7908,1},
{0x1D6BB,0,0,7909,1},
{0x1D6BC,0,0,7910,1},
{0x1D6BD,0,0,7911,1},
{0x1D6BE,0,0,7912,1},
{0x1D6BF,0,0,7913,1},
{0x1D6C0,0,0,7914,1},
{0x1D6C1,0,0,7915,1},
{0x1D6C2,0,0,7916,1},
{0x1D6C3,0,0,7917,1},
{0x1D6C4,0,0,7918,1},
{0x1D6C5,0,0,7919,1},
{0x1D6C6,0,0,7920,1},
{0x1D6C7,0,0,7921,1},
{0x1D6C8,0,0,7922,1},
{0x1D6C9,0,0,7923,1},
{0x1D6CA,0,0,7924,1},
{0x1D6CB,0,0,7925,1},
{0x1D6CC,0,0,7926,1},
{0x1D6CD,0,0,7927,1},
{0x1D6CE,0,0,7928,1},
{0x1D6CF,0,0,7929,1},
{0x1D6D0,0,0,7930,1},
{0x1D6D1,0,0,7931,1},
{0x1D6D2,0,0,7932,1},
{0x1D6D3,0,0,7933,1},
{0x1D6D4,0,0,7934,1},
{0x1D6D5,0,0,7935,1},
{0x1D6D6,0,0,7936,1},
{0x1D6D7,0,0,7937,1},
{0x1D6D8,0,0,7938,1},
{0x1D6D9,0,0,7939,1},
{0x1D6DA,0,0,7940,1},
{0x1D6DB,0,0,7941,1},
{0x1D6DC,0,0,7942,1},
{0x1D6DD,0,0,7943,1},
{0x1D6DE,0,0,7944,1},
{0x1D6DF,0,0,7945,1},
{0x1D6E0,0,0,7946,1},
{0x1D6E1,0,0,7947,1},
{0x1D6E2,0,0,7948,1},
{0x1D6E3,0,0,7949,1},
{0x1D6E4,0,0,7950,1},
{0x1D6E5,0,0,7951,1},
{0x1D6E6,0,0,7952,1},
{0x1D6E7,0,0,7953,1},
{0x1D6E8,0,0,7954,1},
{0x1D6E9,0,0,7955,1},
{0x1D6EA,0,0,7956,1},
{0x1D6EB,0,0,7957,1},
{0x1D6EC,0,0,7958,1},
{0x1D6ED,0,0,7959,1},
{0x1D6EE,0,0,7960,1},
{0x1D6EF,0,0,7961,1},
{0x1D6F0,0,0,7962,1},
{0x1D6F1,0,0,7963,1},
{0x1D6F2,0,0,7964,1},
{0x1D6F3,0,0,7965,1},
{0x1D6F4,0,0,7966,1},
{0x1D6F5,0,0,7967,1},
{0x1D6F6,0,0,7968,1},
{0x1D6F7,0,0,7969,1},
{0x1D6F8,0,0,7970,1},
{0x1D6F9,0,0,7971,1},
{0x1D6FA,0,0,7972,1},
{0x1D6FB,0,0,7973,1},
{0x1D6FC,0,0,7974,1},
{0x1D6FD,0,0,7975,1},
{0x1D6FE,0,0,7976,1},
{0x1D6FF,0,0,7977,1},
{0x1D700,0,0,7978,1},
{0x1D701,0,0,7979,1},
{0x1D702,0,0,7980,1},
{0x1D703,0,0,7981,1},
{0x1D704,0,0,7982,1},
{0x1D705,0,0,7983,1},
{0x1D706,0,0,7984,1},
{0x1D707,0,0,7985,1},
{0x1D708,0,0,7986,1},
{0x1D709,0,0,7987,1},
{0x1D70A,0,0,7988,1},
{0x1D70B,0,0,7989,1},
{0x1D70C,0,0,7990,1},
{0x1D70D,0,0,7991,1},
{0x1D70E,0,0,7992,1},
{0x1D70F,0,0,7993,1},
{0x1D710,0,0,7994,1},
{0x1D711,0,0,7995,1},
{0x1D712,0,0,7996,1},
{0x1D713,0,0,7997,1},
{0x1D714,0,0,7998,1},
{0x1D715,0,0,7999,1},
{0x1D716,0,0,8000,1},
{0x1D717,0,0,8001,1},
{0x1D718,0,0,8002,1},
{0x1D719,0,0,8003,1},
{0x1D71A,0,0,8004,1},
{0x1D71B,0,0,8005,1},
{0x1D71C,0,0,8006,1},
{0x1D71D,0,0,8007,1},
{0x1D71E,0,0,8008,1},
{0x1D71F,0,0,8009,1},
{0x1D720,0,0,8010,1},
{0x1D721,0,0,8011,1},
{0x1D722,0,0,8012,1},
{0x1D723,0,0,8013,1},
{0x1D724,0,0,8014,1},
{0x1D725,0,0,8015,1},
{0x1D726,0,0,8016,1},
{0x1D727,0,0,8017,1},
{0x1D728,0,0,8018,1},
{0x1D729,0,0,8019,1},
{0x1D72A,0,0,8020,1},
{0x1D72B,0,0,8021,1},
{0x1D72C,0,0,8022,1},
{0x1D72D,0,0,8023,1},
{0x1D72E,0,0,8024,1},
{0x1D72F,0,0,8025,1},
{0x1D730,0,0,8026,1},
{0x1D731,0,0,8027,1},
{0x1D732,0,0,8028,1},
{0x1D733,0,0,8029,1},
{0x1D734,0,0,8030,1},
{0x1D735,0,0,8031,1},
{0x1D736,0,0,8032,1},
{0x1D737,0,0,8033,1},
{0x1D738,0,0,8034,1},
{0x1D739,0,0,8035,1},
{0x1D73A,0,0,8036,1},
{0x1D73B,0,0,8037,1},
{0x1D73C,0,0,8038,1},
{0x1D73D,0,0,8039,1},
{0x1D73E,0,0,8040,1},
{0x1D73F,0,0,8041,1},
{0x1D740,0,0,8042,1},
{0x1D741,0,0,8043,1},
{0x1D742,0,0,8044,1},
{0x1D743,0,0,8045,1},
{0x1D744,0,0,8046,1},
{0x1D745,0,0,8047,1},
{0x1D746,0,0,8048,1},
{0x1D747,0,0,8049,1},
{0x1D748,0,0,8050,1},
{0x1D749,0,0,8051,1},
{0x1D74A,0,0,8052,1},
{0x1D74B,0,0,8053,1},
{0x1D74C,0,0,8054,1},
{0x1D74D,0,0,8055,1},
{0x1D74E,0,0,8056,1},
{0x1D74F,0,0,8057,1},
{0x1D750,0,0,8058,1},
{0x1D751,0,0,8059,1},
{0x1D752,0,0,8060,1},
{0x1D753,0,0,8061,1},
{0x1D754,0,0,8062,1},
{0x1D755,0,0,8063,1},
{0x1D756,0,0,8064,1},
{0x1D757,0,0,8065,1},
{0x1D758,0,0,8066,1},
{0x1D759,0,0,8067,1},
{0x1D75A,0,0,8068,1},
{0x1D75B,0,0,8069,1},
{0x1D75C,0,0,8070,1},
{0x1D75D,0,0,8071,1},
{0x1D75E,0,0,8072,1},
{0x1D75F,0,0,8073,1},
{0x1D760,0,0,8074,1},
{0x1D761,0,0,8075,1},
{0x1D762,0,0,8076,1},
{0x1D763,0,0,8077,1},
{0x1D764,0,0,8078,1},
{0x1D765,0,0,8079,1},
{0x1D766,0,0,8080,1},
{0x1D767,0,0,8081,1},
{0x1D768,0,0,8082,1},
{0x1D769,0,0,8083,1},
{0x1D76A,0,0,8084,1},
{0x1D76B,0,0,8085,1},
{0x1D76C,0,0,8086,1},
{0x1D76D,0,0,8087,1},
{0x1D76E,0,0,8088,1},
{0x1D76F,0,0,8089,1},
{0x1D770,0,0,8090,1},
{0x1D771,0,0,8091,1},
{0x1D772,0,0,8092,1},
{0x1D773,0,0,8093,1},
{0x1D774,0,0,8094,1},
{0x1D775,0,0,8095,1},
{0x1D776,0,0,8096,1},
{0x1D777,0,0,8097,1},
{0x1D778,0,0,8098,1},
{0x1D779,0,0,8099,1},
{0x1D77A,0,0,8100,1},
{0x1D77B,0,0,8101,1},
{0x1D77C,0,0,8102,1},
{0x1D77D,0,0,8103,1},
{0x1D77E,0,0,8104,1},
{0x1D77F,0,0,8105,1},
{0x1D780,0,0,8106,1},
{0x1D781,0,0,8107,1},
{0x1D782,0,0,8108,1},
{0x1D783,0,0,8109,1},
{0x1D784,0,0,8110,1},
{0x1D785,0,0,8111,1},
{0x1D786,0,0,8112,1},
{0x1D787,0,0,8113,1},
{0x1D788,0,0,8114,1},
{0x1D789,0,0,8115,1},
{0x1D78A,0,0,8116,1},
{0x1D78B,0,0,8117,1},
{0x1D78C,0,0,8118,1},
{0x1D78D,0,0,8119,1},
{0x1D78E,0,0,8120,1},
{0x1D78F,0,0,8121,1},
{0x1D790,0,0,8122,1},
{0x1D791,0,0,8123,1},
{0x1D792,0,0,8124,1},
{0x1D793,0,0,8125,1},
{0x1D794,0,0,8126,1},
{0x1D795,0,0,8127,1},
{0x1D796,0,0,8128,1},
{0x1D797,0,0,8129,1},
{0x1D798,0,0,8130,1},
{0x1D799,0,0,8131,1},
{0x1D79A,0,0,8132,1},
{0x1D79B,0,0,8133,1},
{0x1D79C,0,0,8134,1},
{0x1D79D,0,0,8135,1},
{0x1D79E,0,0,8136,1},
{0x1D79F,0,0,8137,1},
{0x1D7A0,0,0,8138,1},
{0x1D7A1,0,0,8139,1},
{0x1D7A2,0,0,8140,1},
{0x1D7A3,0,0,8141,1},
{0x1D7A4,0,0,8142,1},
{0x1D7A5,0,0,8143,1},
{0x1D7A6,0,0,8144,1},
{0x1D7A7,0,0,8145,1},
{0x1D7A8,0,0,8146,1},
{0x1D7A9,0,0,8147,1},
{0x1D7AA,0,0,8148,1},
{0x1D7AB,0,0,8149,1},
{0x1D7AC,0,0,8150,1},
{0x1D7AD,0,0,8151,1},
{0x1D7AE,0,0,8152,1},
{0x1D7AF,0,0,8153,1},
{0x1D7B0,0,0,8154,1},
{0x1D7B1,0,0,8155,1},
{0x1D7B2,0,0,8156,1},
{0x1D7B3,0,0,8157,1},
{0x1D7B4,0,0,8158,1},
{0x1D7B5,0,0,8159,1},
{0x1D7B6,0,0,8160,1},
{0x1D7B7,0,0,8161,1},
{0x1D7B8,0,0,8162,1},
{0x1D7B9,0,0,8163,1},
{0x1D7BA,0,0,8164,1},
{0x1D7BB,0,0,8165,1},
{0x1D7BC,0,0,8166,1},
{0x1D7BD,0,0,8167,1},
{0x1D7BE,0,0,8168,1},
{0x1D7BF,0,0,8169,1},
{0x1D7C0,0,0,8170,1},
{0x1D7C1,0,0,8171,1},
{0x1D7C2,0,0,8172,1},
{0x1D7C3,0,0,8173,1},
{0x1D7C4,0,0,8174,1},
{0x1D7C5,0,0,8175,1},
{0x1D7C6,0,0,8176,1},
{0x1D7C7,0,0,8177,1},
{0x1D7C8,0,0,8178,1},
{0x1D7C9,0,0,8179,1},
{0x1D7CA,0,0,8180,1},
{0x1D7CB,0,0,8181,1},
{0x1D7CE,0,0,8182,1},
{0x1D7CF,0,0,8183,1},
{0x1D7D0,0,0,8184,1},
{0x1D7D1,0,0,8185,1},
{0x1D7D2,0,0,8186,1},
{0x1D7D3,0,0,8187,1},
{0x1D7D4,0,0,8188,1},
{0x1D7D5,0,0,8189,1},
{0x1D7D6,0,0,8190,1},
{0x1D7D7,0,0,8191,1},
{0x1D7D8,0,0,8192,1},
{0x1D7D9,0,0,8193,1},
{0x1D7DA,0,0,8194,1},
{0x1D7DB,0,0,8195,1},
{0x1D7DC,0,0,8196,1},
{0x1D7DD,0,0,8197,1},
{0x1D7DE,0,0,8198,1},
{0x1D7DF,0,0,8199,1},
{0x1D7E0,0,0,8200,1},
{0x1D7E1,0,0,8201,1},
{0x1D7E2,0,0,8202,1},
{0x1D7E3,0,0,8203,1},
{0x1D7E4,0,0,8204,1},
{0x1D7E5,0,0,8205,1},
{0x1D7E6,0,0,8206,1},
{0x1D7E7,0,0,8207,1},
{0x1D7E8,0,0,8208,1},
{0x1D7E9,0,0,8209,1},
{0x1D7EA,0,0,8210,1},
{0x1D7EB,0,0,8211,1},
{0x1D7EC,0,0,8212,1},
{0x1D7ED,0,0,8213,1},
{0x1D7EE,0,0,8214,1},
{0x1D7EF,0,0,8215,1},
{0x1D7F0,0,0,8216,1},
{0x1D7F1,0,0,8217,1},
{0x1D7F2,0,0,8218,1},
{0x1D7F3,0,0,8219,1},
{0x1D7F4,0,0,8220,1},
{0x1D7F5,0,0,8221,1},
{0x1D7F6,0,0,8222,1},
{0x1D7F7,0,0,8223,1},
{0x1D7F8,0,0,8224,1},
{0x1D7F9,0,0,8225,1},
{0x1D7FA,0,0,8226,1},
{0x1D7FB,0,0,8227,1},
{0x1D7FC,0,0,8228,1},
{0x1D7FD,0,0,8229,1},
{0x1D7FE,0,0,8230,1},
{0x1D7FF,0,0,8231,1},
{0x1E030,0,0,8232,1},
{0x1E031,0,0,8233,1},
{0x1E032,0,0,8234,1},
{0x1E033,0,0,8235,1},
{0x1E034,0,0,8236,1},
{0x1E035,0,0,8237,1},
{0x1E036,0,0,8238,1},
{0x1E037,0,0,8239,1},
{0x1E038,0,0,8240,1},
{0x1E039,0,0,8241,1},
{0x1E03A,0,0,8242,1},
{0x1E03B,0,0,8243,1},
{0x1E03C,0,0,8244,1},
{0x1E03D,0,0,8245,1},
{0x1E03E,0,0,8246,1},
{0x1E03F,0,0,8247,1},
{0x1E040,0,0,8248,1},
{0x1E041,0,0,8249,1},
{0x1E042,0,0,8250,1},
{0x1E043,0,0,8251,1},
{0x1E044,0,0,8252,1},
{0x1E045,0,0,8253,1},
{0x1E046,0,0,8254,1},
{0x1E047,0,0,8255,1},
{0x1E048,0,0,8256,1},
{0x1E049,0,0,8257,1},
{0x1E04A,0,0,8258,1},
{0x1E04B,0,0,8259,1},
{0x1E04C,0,0,8260,1},
{0x1E04D,0,0,8261,1},
{0x1E04E,0,0,8262,1},
{0x1E04F,0,0,8263,1},
{0x1E050,0,0,8264,1},
{0x1E051,0,0,8265,1},
{0x1E052,0,0,8266,1},
{0x1E053,0,0,8267,1},
{0x1E054,0,0,8268,1},
{0x1E055,0,0,8269,1},
{0x1E056,0,0,8270,1},
{0x1E057,0,0,8271,1},
{0x1E058,0,0,8272,1},
{0x1E059,0,0,8273,1},
{0x1E05A,0,0,8274,1},
{0x1E05B,0,0,8275,1},
{0x1E05C,0,0,8276,1},
{0x1E05D,0,0,8277,1},
{0x1E05E,0,0,8278,1},
{0x1E05F,0,0,8279,1},
{0x1E060,0,0,8280,1},
{0x1E061,0,0,8281,1},
{0x1E062,0,0,8282,1},
{0x1E063,0,0,8283,1},
{0x1E064,0,0,8284,1},
{0x1E065,0,0,8285,1},
{0x1E066,0,0,8286,1},
{0x1E067,0,0,8287,1},
{0x1E068,0,0,8288,1},
{0x1E069,0,0,8289,1},
{0x1E06A,0,0,8290,1},
{0x1E06B,0,0,8291,1},
{0x1E06C,0,0,8292,1},
{0x1E06D,0,0,8293,1},
{0x1EE00,0,0,8294,1},
{0x1EE01,0,0,8295,1},
{0x1EE02,0,0,8296,1},
{0x1EE03,0,0,8297,1},
{0x1EE05,0,0,8298,1},
{0x1EE06,0,0,8299,1},
{0x1EE07,0,0,8300,1},
{0x1EE08,0,0,8301,1},
{0x1EE09,0,0,8302,1},
{0x1EE0A,0,0,8303,1},
{0x1EE0B,0,0,8304,1},
{0x1EE0C,0,0,8305,1},
{0x1EE0D,0,0,8306,1},
{0x1EE0E,0,0,8307,1},
{0x1EE0F,0,0,8308,1},
{0x1EE10,0,0,8309,1},
{0x1EE11,0,0,8310,1},
{0x1EE12,0,0,8311,1},
{0x1EE13,0,0,8312,1},
{0x1EE14,0,0,8313,1},
{0x1EE15,0,0,8314,1},
{0x1EE16,0,0,8315,1},
{0x1EE17,0,0,8316,1},
{0x1EE18,0,0,8317,1},
{0x1EE19,0,0,8318,1},
{0x1EE1A,0,0,8319,1},
{0x1EE1B,0,0,8320,1},
{0x1EE1C,0,0,8321,1},
{0x1EE1D,0,0,8322,1},
{0x1EE1E,0,0,8323,1},
{0x1EE1F,0,0,8324,1},
{0x1EE21,0,0,8325,1},
{0x1EE22,0,0,8326,1},
{0x1EE24,0,0,8327,1},
{0x1EE27,0,0,8328,1},
{0x1EE29,0,0,8329,1},
{0x1EE2A,0,0,8330,1},
{0x1EE2B,0,0,8331,1},
{0x1EE2C,0,0,8332,1},
{0x1EE2D,0,0,8333,1},
{0x1EE2E,0,0,8334,1},
{0x1EE2F,0,0,8335,1},
{0x1EE30,0,0,8336,1},
{0x1EE31,0,0,8337,1},
{0x1EE32,0,0,8338,1},
{0x1EE34,0,0,8339,1},
{0x1EE35,0,0,8340,1},
{0x1EE36,0,0,8341,1},
{0x1EE37,0,0,8342,1},
{0x1EE39,0,0,8343,1},
{0x1EE3B,0,0,8344,1},
{0x1EE42,0,0,8345,1},
{0x1EE47,0,0,8346,1},
{0x1EE49,0,0,8347,1},
{0x1EE4B,0,0,8348,1},
{0x1EE4D,0,0,8349,1},
{0x1EE4E,0,0,8350,1},
{0x1EE4F,0,0,8351,1},
{0x1EE51,0,0,8352,1},
{0x1EE52,0,0,8353,1},
{0x1EE54,0,0,8354,1},
{0x1EE57,0,0,8355,1},
{0x1EE59,0,0,8356,1},
{0x1EE5B,0,0,8357,1},
{0x1EE5D,0,0,8358,1},
{0x1EE5F,0,0,8359,1},
{0x1EE61,0,0,8360,1},
{0x1EE62,0,0,8361,1},
{0x1EE64,0,0,8362,1},
{0x1EE67,0,0,8363,1},
{0x1EE68,0,0,8364,1},
{0x1EE69,0,0,8365,1},
{0x1EE6A,0,0,8366,1},
{0x1EE6C,0,0,8367,1},
{0x1EE6D,0,0,8368,1},
{0x1EE6E,0,0,8369,1},
{0x1EE6F,0,0,8370,1},
{0x1EE70,0,0,8371,1},
{0x1EE71,0,0,8372,1},
{0x1EE72,0,0,8373,1},
{0x1EE74,0,0,8374,1},
{0x1EE75,0,0,8375,1},
{0x1EE76,0,0,8376,1},
{0x1EE77,0,0,8377,1},
{0x1EE79,0,0,8378,1},
{0x1EE7A,0,0,8379,1},
{0x1EE7B,0,0,8380,1},
{0x1EE7C,0,0,8381,1},
{0x1EE7E,0,0,8382,1},
{0x1EE80,0,0,8383,1},
{0x1EE81,0,0,8384,1},
{0x1EE82,0,0,8385,1},
{0x1EE83,0,0,8386,1},
{0x1EE84,0,0,8387,1},
{0x1EE85,0,0,8388,1},
{0x1EE86,0,0,8389,1},
{0x1EE87,0,0,8390,1},
{0x1EE88,0,0,8391,1},
{0x1EE89,0,0,8392,1},
{0x1EE8B,0,0,8393,1},
{0x1EE8C,0,0,8394,1},
{0x1EE8D,0,0,8395,1},
{0x1EE8E,0,0,8396,1},
{0x1EE8F,0,0,8397,1},
{0x1EE90,0,0,8398,1},
{0x1EE91,0,0,8399,1},
{0x1EE92,0,0,8400,1},
{0x1EE93,0,0,8401,1},
{0x1EE94,0,0,8402,1},
{0x1EE95,0,0,8403,1},
{0x1EE96,0,0,8404,1},
{0x1EE97,0,0,8405,1},
{0x1EE98,0,0,8406,1},
{0x1EE99,0,0,8407,1},
{0x1EE9A,0,0,8408,1},
{0x1EE9B,0,0,8409,1},
{0x1EEA1,0,0,8410,1},
{0x1EEA2,0,0,8411,1},
{0x1EEA3,0,0,8412,1},
{0x1EEA5,0,0,8413,1},
{0x1EEA6,0,0,8414,1},
{0x1EEA7,0,0,8415,1},
{0x1EEA8,0,0,8416,1},
{0x1EEA9,0,0,8417,1},
{0x1EEAB,0,0,8418,1},
{0x1EEAC,0,0,8419,1},
{0x1EEAD,0,0,8420,1},
{0x1EEAE,0,0,8421,1},
{0x1EEAF,0,0,8422,1},
{0x1EEB0,0,0,8423,1},
{0x1EEB1,0,0,8424,1},
{0x1EEB2,0,0,8425,1},
{0x1EEB3,0,0,8426,1},
{0x1EEB4,0,0,8427,1},
{0x1EEB5,0,0,8428,1},
{0x1EEB6,0,0,8429,1},
{0x1EEB7,0,0,8430,1},
{0x1EEB8,0,0,8431,1},
{0x1EEB9,0,0,8432,1},
{0x1EEBA,0,0,8433,1},
{0x1EEBB,0,0,8434,1},
{0x1F100,0,0,8435,2},
{0x1F101,0,0,8437,2},
{0x1F102,0,0,8439,2},
{0x1F103,0,0,8441,2},
{0x1F104,0,0,8443,2},
{0x1F105,0,0,8445,2},
{0x1F106,0,0,8447,2},
{0x1F107,0,0,8449,2},
{0x1F108,0,0,8451,2},
{0x1F109,0,0,8453,2},
{0x1F10A,0,0,8455,2},
{0x1F110,0,0,8457,3},
{0x1F111,0,0,8460,3},
{0x1F112,0,0,8463,3},
{0x1F113,0,0,8466,3},
{0x1F114,0,0,8469,3},
{0x1F115,0,0,8472,3},
{0x1F116,0,0,8475,3},
{0x1F117,0,0,8478,3},
{0x1F118,0,0,8481,3},
{0x1F119,0,0,8484,3},
{0x1F11A,0,0,8487,3},
{0x1F11B,0,0,8490,3},
{0x1F11C,0,0,8493,3},
{0x1F11D,0,0,8496,3},
{0x1F11E,0,0,8499,3},
{0x1F11F,0,0,8502,3},
{0x1F120,0,0,8505,3},
{0x1F121,0,0,8508,3},
{0x1F122,0,0,8511,3},
{0x1F123,0,0,8514,3},
{0x1F124,0,0,8517,3},
{0x1F125,0,0,8520,3},
{0x1F126,0,0,8523,3},
{0x1F127,0,0,8526,3},
{0x1F128,0,0,8529,3},
{0x1F129,0,0,8532,3},
{0x1F12A,0,0,8535,3},
{0x1F12B,0,0,8538,1},
{0x1F12C,0,0,8539,1},
{0x1F12D,0,0,8540,2},
{0x1F12E,0,0,8542,2},
{0x1F130,0,0,8544,1},
{0x1F131,0,0,8545,1},
{0x1F132,0,0,8546,1},
{0x1F133,0,0,8547,1},
{0x1F134,0,0,8548,1},
{0x1F135,0,0,8549,1},
{0x1F136,0,0,8550,1},
{0x1F137,0,0,8551,1},
{0x1F138,0,0,8552,1},
{0x1F139,0,0,8553,1},
{0x1F13A,0,0,8554,1},
{0x1F13B,0,0,8555,1},
{0x1F13C,0,0,8556,1},
{0x1F13D,0,0,8557,1},
{0x1F13E,0,0,8558,1},
{0x1F13F,0,0,8559,1},
{0x1F140,0,0,8560,1},
{0x1F141,0,0,8561,1},
{0x1F142,0,0,8562,1},
{0x1F143,0,0,8563,1},
{0x1F144,0,0,8564,1},
{0x1F145,0,0,8565,1},
{0x1F146,0,0,8566,1},
{0x1F147,0,0,8567,1},
{0x1F148,0,0,8568,1},
{0x1F149,0,0,8569,1},
{0x1F14A,0,0,8570,2},
{0x1F14B,0,0,8572,2},
{0x1F14C,0,0,8574,2},
{0x1F14D,0,0,8576,2},
{0x1F14E,0,0,8578,3},
{0x1F14F,0,0,8581,2},
{0x1F16A,0,0,8583,2},
{0x1F16B,0,0,8585,2},
{0x1F16C,0,0,8587,2},
{0x1F190,0,0,8589,2},
{0x1F200,0,0,8591,2},
{0x1F201,0,0,8593,2},
{0x1F202,0,0,8595,1},
{0x1F210,0,0,8596,1},
{0x1F211,0,0,8597,1},
{0x1F212,0,0,8598,1},
{0x1F213,0,0,8599,2},
{0x1F214,0,0,8601,1},
{0x1F215,0,0,8602,1},
{0x1F216,0,0,8603,1},
{0x1F217,0,0,8604,1},
{0x1F218,0,0,8605,1},
{0x1F219,0,0,8606,1},
{0x1F21A,0,0,8607,1},
{0x1F21B,0,0,8608,1},
{0x1F21C,0,0,8609,1},
{0x1F21D,0,0,8610,1},
{0x1F21E,0,0,8611,1},
{0x1F21F,0,0,8612,1},
{0x1F220,0,0,8613,1},
{0x1F221,0,0,8614,1},
{0x1F222,0,0,8615,1},
{0x1F223,0,0,8616,1},
{0x1F224,0,0,8617,1},
{0x1F225,0,0,8618,1},
{0x1F226,0,0,8619,1},
{0x1F227,0,0,8620,1},
{0x1F228,0,0,8621,1},
{0x1F229,0,0,8622,1},
{0x1F22A,0,0,8623,1},
{0x1F22B,0,0,8624,1},
{0x1F22C,0,0,8625,1},
{0x1F22D,0,0,8626,1},
{0x1F22E,0,0,8627,1},
{0x1F22F,0,0,8628,1},
{0x1F230,0,0,8629,1},
{0x1F231,0,0,8630,1},
{0x1F232,0,0,8631,1},
{0x1F233,0,0,8632,1},
{0x1F234,0,0,8633,1},
{0x1F235,0,0,8634,1},
{0x1F236,0,0,8635,1},
{0x1F237,0,0,8636,1},
{0x1F238,0,0,8637,1},
{0x1F239,0,0,8638,1},
{0x1F23A,0,0,8639,1},
{0x1F23B,0,0,8640,1},
{0x1F240,0,0,8641,3},
{0x1F241,0,0,8644,3},
{0x1F242,0,0,8647,3},
{0x1F243,0,0,8650,3},
{0x1F244,0,0,8653,3},
{0x1F245,0,0,8656,3},
{0x1F246,0,0,8659,3},
{0x1F247,0,0,8662,3},
{0x1F248,0,0,8665,3},
{0x1F250,0,0,8668,1},
{0x1F251,0,0,8669,1},
{0x1FBF0,0,0,8670,1},
{0x1FBF1,0,0,8671,1},
{0x1FBF2,0,0,8672,1},
{0x1FBF3,0,0,8673,1},
{0x1FBF4,0,0,8674,1},
{0x1FBF5,0,0,8675,1},
{0x1FBF6,0,0,8676,1},
{0x1FBF7,0,0,8677,1},
{0x1FBF8,0,0,8678,1},
{0x1FBF9,0,0,8679,1},
{0x2F800,8680,1,8680,1},
{0x2F801,8681,1,8681,1},
{0x2F802,8682,1,8682,1},
{0x2F803,8683,1,8683,1},
{0x2F804,8684,1,8684,1},
{0x2F805,8685,1,8685,1},
{0x2F806,8686,1,8686,1},
{0x2F807,8687,1,8687,1},
{0x2F808,8688,1,8688,1},
{0x2F809,8689,1,8689,1},
{0x2F80A,8690,1,8690,1},
{0x2F80B,8691,1,8691,1},
{0x2F80C,8692,1,8692,1},
{0x2F80D,8693,1,8693,1},
{0x2F80E,8694,1,8694,1},
{0x2F80F,8695,1,8695,1},
{0x2F810,8696,1,8696,1},
{0x2F811,8697,1,8697,1},
{0x2F812,8698,1,8698,1},
{0x2F813,8699,1,8699,1},
{0x2F814,8700,1,8700,1},
{0x2F815,8701,1,8701,1},
{0x2F816,8702,1,8702,1},
{0x2F817,8703,1,8703,1},
{0x2F818,8704,1,8704,1},
{0x2F819,8705,1,8705,1},
{0x2F81A,8706,1,8706,1},
{0x2F81B,8707,1,8707,1},
{0x2F81C,8708,1,8708,1},
{0x2F81D,8709,1,8709,1},
{0x2F81E,8710,1,8710,1},
{0x2F81F,8711,1,8711,1},
{0x2F820,8712,1,8712,1},
{0x2F821,8713,1,8713,1},
{0x2F822,8714,1,8714,1},
{0x2F823,8715,1,8715,1},
{0x2F824,8716,1,8716,1},
{0x2F825,8717,1,8717,1},
{0x2F826,8718,1,8718,1},
{0x2F827,8719,1,8719,1},
{0x2F828,8720,1,8720,1},
{0x2F829,8721,1,8721,1},
{0x2F82A,8722,1,8722,1},
{0x2F82B,8723,1,8723,1},
{0x2F82C,8724,1,8724,1},
{0x2F82D,8725,1,8725,1},
{0x2F82E,8726,1,8726,1},
{0x2F82F,8727,1,8727,1},
{0x2F830,8728,1,8728,1},
{0x2F831,8729,1,8729,1},
{0x2F832,8730,1,8730,1},
{0x2F833,8731,1,8731,1},
{0x2F834,8732,1,8732,1},
{0x2F835,8733,1,8733,1},
{0x2F836,8734,1,8734,1},
{0x2F837,8735,1,8735,1},
{0x2F838,8736,1,8736,1},
{0x2F839,8737,1,8737,1},
{0x2F83A,8738,1,8738,1},
{0x2F83B,8739,1,8739,1},
{0x2F83C,8740,1,8740,1},
{0x2F83D,8741,1,8741,1},
{0x2F83E,8742,1,8742,1},
{0x2F83F,8743,1,8743,1},
{0x2F840,8744,1,8744,1},
{0x2F841,8745,1,8745,1},
{0x2F842,8746,1,8746,1},
{0x2F843,8747,1,8747,1},
{0x2F844,8748,1,8748,1},
{0x2F845,8749,1,8749,1},
{0x2F846,8750,1,8750,1},
{0x2F847,8751,1,8751,1},
{0x2F848,8752,1,8752,1},
{0x2F849,8753,1,8753,1},
{0x2F84A,8754,1,8754,1},
{0x2F84B,8755,1,8755,1},
{0x2F84C,8756,1,8756,1},
{0x2F84D,8757,1,8757,1},
{0x2F84E,8758,1,8758,1},
{0x2F84F,8759,1,8759,1},
{0x2F850,8760,1,8760,1},
{0x2F851,8761,1,8761,1},
{0x2F852,8762,1,8762,1},
{0x2F853,8763,1,8763,1},
{0x2F854,8764,1,8764,1},
{0x2F855,8765,1,8765,1},
{0x2F856,8766,1,8766,1},
{0x2F857,8767,1,8767,1},
{0x2F858,8768,1,8768,1},
{0x2F859,8769,1,8769,1},
{0x2F85A,8770,1,8770,1},
{0x2F85B,8771,1,8771,1},
{0x2F85C,8772,1,8772,1},
{0x2F85D,8773,1,8773,1},
{0x2F85E,8774,1,8774,1},
{0x2F85F,8775,1,8775,1},
{0x2F860,8776,1,8776,1},
{0x2F861,8777,1,8777,1},
{0x2F862,8778,1,8778,1},
{0x2F863,8779,1,8779,1},
{0x2F864,8780,1,8780,1},
{0x2F865,8781,1,8781,1},
{0x2F866,8782,1,8782,1},
{0x2F867,8783,1,8783,1},
{0x2F868,8784,1,8784,1},
{0x2F869,8785,1,8785,1},
{0x2F86A,8786,1,8786,1},
{0x2F86B,8787,1,8787,1},
{0x2F86C,8788,1,8788,1},
{0x2F86D,8789,1,8789,1},
{0x2F86E,8790,1,8790,1},
{0x2F86F,8791,1,8791,1},
{0x2F870,8792,1,8792,1},
{0x2F871,8793,1,8793,1},
{0x2F872,8794,1,8794,1},
{0x2F873,8795,1,8795,1},
{0x2F874,8796,1,8796,1},
{0x2F875,8797,1,8797,1},
{0x2F876,8798,1,8798,1},
{0x2F877,8799,1,8799,1},
{0x2F878,8800,1,8800,1},
{0x2F879,8801,1,8801,1},
{0x2F87A,8802,1,8802,1},
{0x2F87B,8803,1,8803,1},
{0x2F87C,8804,1,8804,1},
{0x2F87D,8805,1,8805,1},
{0x2F87E,8806,1,8806,1},
{0x2F87F,8807,1,8807,1},
{0x2F880,8808,1,8808,1},
{0x2F881,8809,1,8809,1},
{0x2F882,8810,1,8810,1},
{0x2F883,8811,1,8811,1},
{0x2F884,8812,1,8812,1},
{0x2F885,8813,1,8813,1},
{0x2F886,8814,1,8814,1},
{0x2F887,8815,1,8815,1},
{0x2F888,8816,1,8816,1},
{0x2F889,8817,1,8817,1},
{0x2F88A,8818,1,8818,1},
{0x2F88B,8819,1,8819,1},
{0x2F88C,8820,1,8820,1},
{0x2F88D,8821,1,8821,1},
{0x2F88E,8822,1,8822,1},
{0x2F88F,8823,1,8823,1},
{0x2F890,8824,1,8824,1},
{0x2F891,8825,1,8825,1},
{0x2F892,8826,1,8826,1},
{0x2F893,8827,1,8827,1},
{0x2F894,8828,1,8828,1},
{0x2F895,8829,1,8829,1},
{0x2F896,8830,1,8830,1},
{0x2F897,8831,1,8831,1},
{0x2F898,8832,1,8832,1},
{0x2F899,8833,1,8833,1},
{0x2F89A,8834,1,8834,1},
{0x2F89B,8835,1,8835,1},
{0x2F89C,8836,1,8836,1},
{0x2F89D,8837,1,8837,1},
{0x2F89E,8838,1,8838,1},
{0x2F89F,8839,1,8839,1},
{0x2F8A0,8840,1,8840,1},
{0x2F8A1,8841,1,8841,1},
{0x2F8A2,8842,1,8842,1},
{0x2F8A3,8843,1,8843,1},
{0x2F8A4,8844,1,8844,1},
{0x2F8A5,8845,1,8845,1},
{0x2F8A6,8846,1,8846,1},
{0x2F8A7,8847,1,8847,1},
{0x2F8A8,8848,1,8848,1},
{0x2F8A9,8849,1,8849,1},
{0x2F8AA,8850,1,8850,1},
{0x2F8AB,8851,1,8851,1},
{0x2F8AC,8852,1,8852,1},
{0x2F8AD,8853,1,8853,1},
{0x2F8AE,8854,1,8854,1},
{0x2F8AF,8855,1,8855,1},
{0x2F8B0,8856,1,8856,1},
{0x2F8B1,8857,1,8857,1},
{0x2F8B2,8858,1,8858,1},
{0x2F8B3,8859,1,8859,1},
{0x2F8B4,8860,1,8860,1},
{0x2F8B5,8861,1,8861,1},
{0x2F8B6,8862,1,8862,1},
{0x2F8B7,8863,1,8863,1},
{0x2F8B8,8864,1,8864,1},
{0x2F8B9,8865,1,8865,1},
{0x2F8BA,8866,1,8866,1},
{0x2F8BB,8867,1,8867,1},
{0x2F8BC,8868,1,8868,1},
{0x2F8BD,8869,1,8869,1},
{0x2F8BE,8870,1,8870,1},
{0x2F8BF,8871,1,8871,1},
{0x2F8C0,8872,1,8872,1},
{0x2F8C1,8873,1,8873,1},
{0x2F8C2,8874,1,8874,1},
{0x2F8C3,8875,1,8875,1},
{0x2F8C4,8876,1,8876,1},
{0x2F8C5,8877,1,8877,1},
{0x2F8C6,8878,1,8878,1},
{0x2F8C7,8879,1,8879,1},
{0x2F8C8,8880,1,8880,1},
{0x2F8C9,8881,1,8881,1},
{0x2F8CA,8882,1,8882,1},
{0x2F8CB,8883,1,8883,1},
{0x2F8CC,8884,1,8884,1},
{0x2F8CD,8885,1,8885,1},
{0x2F8CE,8886,1,8886,1},
{0x2F8CF,8887,1,8887,1},
{0x2F8D0,8888,1,8888,1},
{0x2F8D1,8889,1,8889,1},
{0x2F8D2,8890,1,8890,1},
{0x2F8D3,8891,1,8891,1},
{0x2F8D4,8892,1,8892,1},
{0x2F8D5,8893,1,8893,1},
{0x2F8D6,8894,1,8894,1},
{0x2F8D7,8895,1,8895,1},
{0x2F8D8,8896,1,8896,1},
{0x2F8D9,8897,1,8897,1},
{0x2F8DA,8898,1,8898,1},
{0x2F8DB,8899,1,8899,1},
{0x2F8DC,8900,1,8900,1},
{0x2F8DD,8901,1,8901,1},
{0x2F8DE,8902,1,8902,1},
{0x2F8DF,8903,1,8903,1},
{0x2F8E0,8904,1,8904,1},
{0x2F8E1,8905,1,8905,1},
{0x2F8E2,8906,1,8906,1},
{0x2F8E3,8907,1,8907,1},
{0x2F8E4,8908,1,8908,1},
{0x2F8E5,8909,1,8909,1},
{0x2F8E6,8910,1,8910,1},
{0x2F8E7,8911,1,8911,1},
{0x2F8E8,8912,1,8912,1},
{0x2F8E9,8913,1,8913,1},
{0x2F8EA,8914,1,8914,1},
{0x2F8EB,8915,1,8915,1},
{0x2F8EC,8916,1,8916,1},
{0x2F8ED,8917,1,8917,1},
{0x2F8EE,8918,1,8918,1},
{0x2F8EF,8919,1,8919,1},
{0x2F8F0,8920,1,8920,1},
{0x2F8F1,8921,1,8921,1},
{0x2F8F2,8922,1,8922,1},
{0x2F8F3,8923,1,8923,1},
{0x2F8F4,8924,1,8924,1},
{0x2F8F5,8925,1,8925,1},
{0x2F8F6,8926,1,8926,1},
{0x2F8F7,8927,1,8927,1},
{0x2F8F8,8928,1,8928,1},
{0x2F8F9,8929,1,8929,1},
{0x2F8FA,8930,1,8930,1},
{0x2F8FB,8931,1,8931,1},
{0x2F8FC,8932,1,8932,1},
{0x2F8FD,8933,1,8933,1},
{0x2F8FE,8934,1,8934,1},
{0x2F8FF,8935,1,8935,1},
{0x2F900,8936,1,8936,1},
{0x2F901,8937,1,8937,1},
{0x2F902,8938,1,8938,1},
{0x2F903,8939,1,8939,1},
{0x2F904,8940,1,8940,1},
{0x2F905,8941,1,8941,1},
{0x2F906,8942,1,8942,1},
{0x2F907,8943,1,8943,1},
{0x2F908,8944,1,8944,1},
{0x2F909,8945,1,8945,1},
{0x2F90A,8946,1,8946,1},
{0x2F90B,8947,1,8947,1},
{0x2F90C,8948,1,8948,1},
{0x2F90D,8949,1,8949,1},
{0x2F90E,8950,1,8950,1},
{0x2F90F,8951,1,8951,1},
{0x2F910,8952,1,8952,1},
{0x2F911,8953,1,8953,1},
{0x2F912,8954,1,8954,1},
{0x2F913,8955,1,8955,1},
{0x2F914,8956,1,8956,1},
{0x2F915,8957,1,8957,1},
{0x2F916,8958,1,8958,1},
{0x2F917,8959,1,8959,1},
{0x2F918,8960,1,8960,1},
{0x2F919,8961,1,8961,1},
{0x2F91A,8962,1,8962,1},
{0x2F91B,8963,1,8963,1},
{0x2F91C,8964,1,8964,1},
{0x2F91D,8965,1,8965,1},
{0x2F91E,8966,1,8966,1},
{0x2F91F,8967,1,8967,1},
{0x2F920,8968,1,8968,1},
{0x2F921,8969,1,8969,1},
{0x2F922,8970,1,8970,1},
{0x2F923,8971,1,8971,1},
{0x2F924,8972,1,8972,1},
{0x2F925,8973,1,8973,1},
{0x2F926,8974,1,8974,1},
{0x2F927,8975,1,8975,1},
{0x2F928,8976,1,8976,1},
{0x2F929,8977,1,8977,1},
{0x2F92A,8978,1,8978,1},
{0x2F92B,8979,1,8979,1},
{0x2F92C,8980,1,8980,1},
{0x2F92D,8981,1,8981,1},
{0x2F92E,8982,1,8982,1},
{0x2F92F,8983,1,8983,1},
{0x2F930,8984,1,8984,1},
{0x2F931,8985,1,8985,1},
{0x2F932,8986,1,8986,1},
{0x2F933,8987,1,8987,1},
{0x2F934,8988,1,8988,1},
{0x2F935,8989,1,8989,1},
{0x2F936,8990,1,8990,1},
{0x2F937,8991,1,8991,1},
{0x2F938,8992,1,8992,1},
{0x2F939,8993,1,8993,1},
{0x2F93A,8994,1,8994,1},
{0x2F93B,8995,1,8995,1},
{0x2F93C,8996,1,8996,1},
{0x2F93D,8997,1,8997,1},
{0x2F93E,8998,1,8998,1},
{0x2F93F,8999,1,8999,1},
{0x2F940,9000,1,9000,1},
{0x2F941,9001,1,9001,1},
{0x2F942,9002,1,9002,1},
{0x2F943,9003,1,9003,1},
{0x2F944,9004,1,9004,1},
{0x2F945,9005,1,9005,1},
{0x2F946,9006,1,9006,1},
{0x2F947,9007,1,9007,1},
{0x2F948,9008,1,9008,1},
{0x2F949,9009,1,9009,1},
{0x2F94A,9010,1,9010,1},
{0x2F94B,9011,1,9011,1},
{0x2F94C,9012,1,9012,1},
{0x2F94D,9013,1,9013,1},
{0x2F94E,9014,1,9014,1},
{0x2F94F,9015,1,9015,1},
{0x2F950,9016,1,9016,1},
{0x2F951,9017,1,9017,1},
{0x2F952,9018,1,9018,1},
{0x2F953,9019,1,9019,1},
{0x2F954,9020,1,9020,1},
{0x2F955,9021,1,9021,1},
{0x2F956,9022,1,9022,1},
{0x2F957,9023,1,9023,1},
{0x2F958,9024,1,9024,1},
{0x2F959,9025,1,9025,1},
{0x2F95A,9026,1,9026,1},
{0x2F95B,9027,1,9027,1},
{0x2F95C,9028,1,9028,1},
{0x2F95D,9029,1,9029,1},
{0x2F95E,9030,1,9030,1},
{0x2F95F,9031,1,9031,1},
{0x2F960,9032,1,9032,1},
{0x2F961,9033,1,9033,1},
{0x2F962,9034,1,9034,1},
{0x2F963,9035,1,9035,1},
{0x2F964,9036,1,9036,1},
{0x2F965,9037,1,9037,1},
{0x2F966,9038,1,9038,1},
{0x2F967,9039,1,9039,1},
{0x2F968,9040,1,9040,1},
{0x2F969,9041,1,9041,1},
{0x2F96A,9042,1,9042,1},
{0x2F96B,9043,1,9043,1},
{0x2F96C,9044,1,9044,1},
{0x2F96D,9045,1,9045,1},
{0x2F96E,9046,1,9046,1},
{0x2F96F,9047,1,9047,1},
{0x2F970,9048,1,9048,1},
{0x2F971,9049,1,9049,1},
{0x2F972,9050,1,9050,1},
{0x2F973,9051,1,9051,1},
{0x2F974,9052,1,9052,1},
{0x2F975,9053,1,9053,1},
{0x2F976,9054,1,9054,1},
{0x2F977,9055,1,9055,1},
{0x2F978,9056,1,9056,1},
{0x2F979,9057,1,9057,1},
{0x2F97A,9058,1,9058,1},
{0x2F97B,9059,1,9059,1},
{0x2F97C,9060,1,9060,1},
{0x2F97D,9061,1,9061,1},
{0x2F97E,9062,1,9062,1},
{0x2F97F,9063,1,9063,1},
{0x2F980,9064,1,9064,1},
{0x2F981,9065,1,9065,1},
{0x2F982,9066,1,9066,1},
{0x2F983,9067,1,9067,1},
{0x2F984,9068,1,9068,1},
{0x2F985,9069,1,9069,1},
{0x2F986,9070,1,9070,1},
{0x2F987,9071,1,9071,1},
{0x2F988,9072,1,9072,1},
{0x2F989,9073,1,9073,1},
{0x2F98A,9074,1,9074,1},
{0x2F98B,9075,1,9075,1},
{0x2F98C,9076,1,9076,1},
{0x2F98D,9077,1,9077,1},
{0x2F98E,9078,1,9078,1},
{0x2F98F,9079,1,9079,1},
{0x2F990,9080,1,9080,1},
{0x2F991,9081,1,9081,1},
{0x2F992,9082,1,9082,1},
{0x2F993,9083,1,9083,1},
{0x2F994,9084,1,9084,1},
{0x2F995,9085,1,9085,1},
{0x2F996,9086,1,9086,1},
{0x2F997,9087,1,9087,1},
{0x2F998,9088,1,9088,1},
{0x2F999,9089,1,9089,1},
{0x2F99A,9090,1,9090,1},
{0x2F99B,9091,1,9091,1},
{0x2F99C,9092,1,9092,1},
{0x2F99D,9093,1,9093,1},
{0x2F99E,9094,1,9094,1},
{0x2F99F,9095,1,9095,1},
{0x2F9A0,9096,1,9096,1},
{0x2F9A1,9097,1,9097,1},
{0x2F9A2,9098,1,9098,1},
{0x2F9A3,9099,1,9099,1},
{0x2F9A4,9100,1,9100,1},
{0x2F9A5,9101,1,9101,1},
{0x2F9A6,9102,1,9102,1},
{0x2F9A7,9103,1,9103,1},
{0x2F9A8,9104,1,9104,1},
{0x2F9A9,9105,1,9105,1},
{0x2F9AA,9106,1,9106,1},
{0x2F9AB,9107,1,9107,1},
{0x2F9AC,9108,1,9108,1},
{0x2F9AD,9109,1,9109,1},
{0x2F9AE,9110,1,9110,1},
{0x2F9AF,9111,1,9111,1},
{0x2F9B0,9112,1,9112,1},
{0x2F9B1,9113,1,9113,1},
{0x2F9B2,9114,1,9114,1},
{0x2F9B3,9115,1,9115,1},
{0x2F9B4,9116,1,9116,1},
{0x2F9B5,9117,1,9117,1},
{0x2F9B6,9118,1,9118,1},
{0x2F9B7,9119,1,9119,1},
{0x2F9B8,9120,1,9120,1},
{0x2F9B9,9121,1,9121,1},
{0x2F9BA,9122,1,9122,1},
{0x2F9BB,9123,1,9123,1},
{0x2F9BC,9124,1,9124,1},
{0x2F9BD,9125,1,9125,1},
{0x2F9BE,9126,1,9126,1},
{0x2F9BF,9127,1,9127,1},
{0x2F9C0,9128,1,9128,1},
{0x2F9C1,9129,1,9129,1},
{0x2F9C2,9130,1,9130,1},
{0x2F9C3,9131,1,9131,1},
{0x2F9C4,9132,1,9132,1},
{0x2F9C5,9133,1,9133,1},
{0x2F9C6,9134,1,9134,1},
{0x2F9C7,9135,1,9135,1},
{0x2F9C8,9136,1,9136,1},
{0x2F9C9,9137,1,9137,1},
{0x2F9CA,9138,1,9138,1},
{0x2F9CB,9139,1,9139,1},
{0x2F9CC,9140,1,9140,1},
{0x2F9CD,9141,1,9141,1},
{0x2F9CE,9142,1,9142,1},
{0x2F9CF,9143,1,9143,1},
{0x2F9D0,9144,1,9144,1},
{0x2F9D1,9145,1,9145,1},
{0x2F9D2,9146,1,9146,1},
{0x2F9D3,9147,1,9147,1},
{0x2F9D4,9148,1,9148,1},
{0x2F9D5,9149,1,9149,1},
{0x2F9D6,9150,1,9150,1},
{0x2F9D7,9151,1,9151,1},
{0x2F9D8,9152,1,9152,1},
{0x2F9D9,9153,1,9153,1},
{0x2F9DA,9154,1,9154,1},
{0x2F9DB,9155,1,9155,1},
{0x2F9DC,9156,1,9156,1},
{0x2F9DD,9157,1,9157,1},
{0x2F9DE,9158,1,9158,1},
{0x2F9DF,9159,1,9159,1},
{0x2F9E0,9160,1,9160,1},
{0x2F9E1,9161,1,9161,1},
{0x2F9E2,9162,1,9162,1},
{0x2F9E3,9163,1,9163,1},
{0x2F9E4,9164,1,9164,1},
{0x2F9E5,9165,1,9165,1},
{0x2F9E6,9166,1,9166,1},
{0x2F9E7,9167,1,9167,1},
{0x2F9E8,9168,1,9168,1},
{0x2F9E9,9169,1,9169,1},
{0x2F9EA,9170,1,9170,1},
{0x2F9EB,9171,1,9171,1},
{0x2F9EC,9172,1,9172,1},
{0x2F9ED,9173,1,9173,1},
{0x2F9EE,9174,1,9174,1},
{0x2F9EF,9175,1,9175,1},
{0x2F9F0,9176,1,9176,1},
{0x2F9F1,9177,1,9177,1},
{0x2F9F2,9178,1,9178,1},
{0x2F9F3,9179,1,9179,1},
{0x2F9F4,9180,1,9180,1},
{0x2F9F5,9181,1,9181,1},
{0x2F9F6,9182,1,9182,1},
{0x2F9F7,9183,1,9183,1},
{0x2F9F8,9184,1,9184,1},
{0x2F9F9,9185,1,9185,1},
{0x2F9FA,9186,1,9186,1},
{0x2F9FB,9187,1,9187,1},
{0x2F9FC,9188,1,9188,1},
{0x2F9FD,9189,1,9189,1},
{0x2F9FE,9190,1,9190,1},
{0x2F9FF,9191,1,9191,1},
{0x2FA00,9192,1,9192,1},
{0x2FA01,9193,1,9193,1},
{0x2FA02,9194,1,9194,1},
{0x2FA03,9195,1,9195,1},
{0x2FA04,9196,1,9196,1},
{0x2FA05,9197,1,9197,1},
{0x2FA06,9198,1,9198,1},
{0x2FA07,9199,1,9199,1},
{0x2FA08,9200,1,9200,1},
{0x2FA09,9201,1,9201,1},
{0x2FA0A,9202,1,9202,1},
{0x2FA0B,9203,1,9203,1},
{0x2FA0C,9204,1,9204,1},
{0x2FA0D,9205,1,9205,1},
{0x2FA0E,9206,1,9206,1},
{0x2FA0F,9207,1,9207,1},
{0x2FA10,9208,1,9208,1},
{0x2FA11,9209,1,9209,1},
{0x2FA12,9210,1,9210,1},
{0x2FA13,9211,1,9211,1},
{0x2FA14,9212,1,9212,1},
{0x2FA15,9213,1,9213,1},
{0x2FA16,9214,1,9214,1},
{0x2FA17,9215,1,9215,1},
{0x2FA18,9216,1,9216,1},
{0x2FA19,9217,1,9217,1},
{0x2FA1A,9218,1,9218,1},
{0x2FA1B,9219,1,9219,1},
{0x2FA1C,9220,1,9220,1},
{0x2FA1D,9221,1,9221,1},
};
const size_t k_decomp_rows_n = sizeof(k_decomp_rows)/sizeof(k_decomp_rows[0]);

/* Primary composites: (starter, combining) -> composed. Sorted by (a, b). */
const ComposeRow k_compose[] = {
{0x3C,0x338,0x226E},
{0x3D,0x338,0x2260},
{0x3E,0x338,0x226F},
{0x41,0x300,0xC0},
{0x41,0x301,0xC1},
{0x41,0x302,0xC2},
{0x41,0x303,0xC3},
{0x41,0x304,0x100},
{0x41,0x306,0x102},
{0x41,0x307,0x226},
{0x41,0x308,0xC4},
{0x41,0x309,0x1EA2},
{0x41,0x30A,0xC5},
{0x41,0x30C,0x1CD},
{0x41,0x30F,0x200},
{0x41,0x311,0x202},
{0x41,0x323,0x1EA0},
{0x41,0x325,0x1E00},
{0x41,0x328,0x104},
{0x42,0x307,0x1E02},
{0x42,0x323,0x1E04},
{0x42,0x331,0x1E06},
{0x43,0x301,0x106},
{0x43,0x302,0x108},
{0x43,0x307,0x10A},
{0x43,0x30C,0x10C},
{0x43,0x327,0xC7},
{0x44,0x307,0x1E0A},
{0x44,0x30C,0x10E},
{0x44,0x323,0x1E0C},
{0x44,0x327,0x1E10},
{0x44,0x32D,0x1E12},
{0x44,0x331,0x1E0E},
{0x45,0x300,0xC8},
{0x45,0x301,0xC9},
{0x45,0x302,0xCA},
{0x45,0x303,0x1EBC},
{0x45,0x304,0x112},
{0x45,0x306,0x114},
{0x45,0x307,0x116},
{0x45,0x308,0xCB},
{0x45,0x309,0x1EBA},
{0x45,0x30C,0x11A},
{0x45,0x30F,0x204},
{0x45,0x311,0x206},
{0x45,0x323,0x1EB8},
{0x45,0x327,0x228},
{0x45,0x328,0x118},
{0x45,0x32D,0x1E18},
{0x45,0x330,0x1E1A},
{0x46,0x307,0x1E1E},
{0x47,0x301,0x1F4},
{0x47,0x302,0x11C},
{0x47,0x304,0x1E20},
{0x47,0x306,0x11E},
{0x47,0x307,0x120},
{0x47,0x30C,0x1E6},
{0x47,0x327,0x122},
{0x48,0x302,0x124},
{0x48,0x307,0x1E22},
{0x48,0x308,0x1E26},
{0x48,0x30C,0x21E},
{0x48,0x323,0x1E24},
{0x48,0x327,0x1E28},
{0x48,0x32E,0x1E2A},
{0x49,0x300,0xCC},
{0x49,0x301,0xCD},
{0x49,0x302,0xCE},
{0x49,0x303,0x128},
{0x49,0x304,0x12A},
{0x49,0x306,0x12C},
{0x49,0x307,0x130},
{0x49,0x308,0xCF},
{0x49,0x309,0x1EC8},
{0x49,0x30C,0x1CF},
{0x49,0x30F,0x208},
{0x49,0x311,0x20A},
{0x49,0x323,0x1ECA},
{0x49,0x328,0x12E},
{0x49,0x330,0x1E2C},
{0x4A,0x302,0x134},
{0x4B,0x301,0x1E30},
{0x4B,0x30C,0x1E8},
{0x4B,0x323,0x1E32},
{0x4B,0x327,0x136},
{0x4B,0x331,0x1E34},
{0x4C,0x301,0x139},
{0x4C,0x30C,0x13D},
{0x4C,0x323,0x1E36},
{0x4C,0x327,0x13B},
{0x4C,0x32D,0x1E3C},
{0x4C,0x331,0x1E3A},
{0x4D,0x301,0x1E3E},
{0x4D,0x307,0x1E40},
{0x4D,0x323,0x1E42},
{0x4E,0x300,0x1F8},
{0x4E,0x301,0x143},
{0x4E,0x303,0xD1},
{0x4E,0x307,0x1E44},
{0x4E,0x30C,0x147},
{0x4E,0x323,0x1E46},
{0x4E,0x327,0x145},
{0x4E,0x32D,0x1E4A},
{0x4E,0x331,0x1E48},
{0x4F,0x300,0xD2},
{0x4F,0x301,0xD3},
{0x4F,0x302,0xD4},
{0x4F,0x303,0xD5},
{0x4F,0x304,0x14C},
{0x4F,0x306,0x14E},
{0x4F,0x307,0x22E},
{0x4F,0x308,0xD6},
{0x4F,0x309,0x1ECE},
{0x4F,0x30B,0x150},
{0x4F,0x30C,0x1D1},
{0x4F,0x30F,0x20C},
{0x4F,0x311,0x20E},
{0x4F,0x31B,0x1A0},
{0x4F,0x323,0x1ECC},
{0x4F,0x328,0x1EA},
{0x50,0x301,0x1E54},
{0x50,0x307,0x1E56},
{0x52,0x301,0x154},
{0x52,0x307,0x1E58},
{0x52,0x30C,0x158},
{0x52,0x30F,0x210},
{0x52,0x311,0x212},
{0x52,0x323,0x1E5A},
{0x52,0x327,0x156},
{0x52,0x331,0x1E5E},
{0x53,0x301,0x15A},
{0x53,0x302,0x15C},
{0x53,0x307,0x1E60},
{0x53,0x30C,0x160},
{0x53,0x323,0x1E62},
{0x53,0x326,0x218},
{0x53,0x327,0x15E},
{0x54,0x307,0x1E6A},
{0x54,0x30C,0x164},
{0x54,0x323,0x1E6C},
{0x54,0x326,0x21A},
{0x54,0x327,0x162},
{0x54,0x32D,0x1E70},
{0x54,0x331,0x1E6E},
{0x55,0x300,0xD9},
{0x55,0x301,0xDA},
{0x55,0x302,0xDB},
{0x55,0x303,0x168},
{0x55,0x304,0x16A},
{0x55,0x306,0x16C},
{0x55,0x308,0xDC},
{0x55,0x309,0x1EE6},
{0x55,0x30A,0x16E},
{0x55,0x30B,0x170},
{0x55,0x30C,0x1D3},
{0x55,0x30F,0x214},
{0x55,0x311,0x216},
{0x55,0x31B,0x1AF},
{0x55,0x323,0x1EE4},
{0x55,0x324,0x1E72},
{0x55,0x328,0x172},
{0x55,0x32D,0x1E76},
{0x55,0x330,0x1E74},
{0x56,0x303,0x1E7C},
{0x56,0x323,0x1E7E},
{0x57,0x300,0x1E80},
{0x57,0x301,0x1E82},
{0x57,0x302,0x174},
{0x57,0x307,0x1E86},
{0x57,0x308,0x1E84},
{0x57,0x323,0x1E88},
{0x58,0x307,0x1E8A},
{0x58,0x308,0x1E8C},
{0x59,0x300,0x1EF2},
{0x59,0x301,0xDD},
{0x59,0x302,0x176},
{0x59,0x303,0x1EF8},
{0x59,0x304,0x232},
{0x59,0x307,0x1E8E},
{0x59,0x308,0x178},
{0x59,0x309,0x1EF6},
{0x59,0x323,0x1EF4},
{0x5A,0x301,0x179},
{0x5A,0x302,0x1E90},
{0x5A,0x307,0x17B},
{0x5A,0x30C,0x17D},
{0x5A,0x323,0x1E92},
{0x5A,0x331,0x1E94},
{0x61,0x300,0xE0},
{0x61,0x301,0xE1},
{0x61,0x302,0xE2},
{0x61,0x303,0xE3},
{0x61,0x304,0x101},
{0x61,0x306,0x103},
{0x61,0x307,0x227},
{0x61,0x308,0xE4},
{0x61,0x309,0x1EA3},
{0x61,0x30A,0xE5},
{0x61,0x30C,0x1CE},
{0x61,0x30F,0x201},
{0x61,0x311,0x203},
{0x61,0x323,0x1EA1},
{0x61,0x325,0x1E01},
{0x61,0x328,0x105},
{0x62,0x307,0x1E03},
{0x62,0x323,0x1E05},
{0x62,0x331,0x1E07},
{0x63,0x301,0x107},
{0x63,0x302,0x109},
{0x63,0x307,0x10B},
{0x63,0x30C,0x10D},
{0x63,0x327,0xE7},
{0x64,0x307,0x1E0B},
{0x64,0x30C,0x10F},
{0x64,0x323,0x1E0D},
{0x64,0x327,0x1E11},
{0x64,0x32D,0x1E13},
{0x64,0x331,0x1E0F},
{0x65,0x300,0xE8},
{0x65,0x301,0xE9},
{0x65,0x302,0xEA},
{0x65,0x303,0x1EBD},
{0x65,0x304,0x113},
{0x65,0x306,0x115},
{0x65,0x307,0x117},
{0x65,0x308,0xEB},
{0x65,0x309,0x1EBB},
{0x65,0x30C,0x11B},
{0x65,0x30F,0x205},
{0x65,0x311,0x207},
{0x65,0x323,0x1EB9},
{0x65,0x327,0x229},
{0x65,0x328,0x119},
{0x65,0x32D,0x1E19},
{0x65,0x330,0x1E1B},
{0x66,0x307,0x1E1F},
{0x67,0x301,0x1F5},
{0x67,0x302,0x11D},
{0x67,0x304,0x1E21},
{0x67,0x306,0x11F},
{0x67,0x307,0x121},
{0x67,0x30C,0x1E7},
{0x67,0x327,0x123},
{0x68,0x302,0x125},
{0x68,0x307,0x1E23},
{0x68,0x308,0x1E27},
{0x68,0x30C,0x21F},
{0x68,0x323,0x1E25},
{0x68,0x327,0x1E29},
{0x68,0x32E,0x1E2B},
{0x68,0x331,0x1E96},
{0x69,0x300,0xEC},
{0x69,0x301,0xED},
{0x69,0x302,0xEE},
{0x69,0x303,0x129},
{0x69,0x304,0x12B},
{0x69,0x306,0x12D},
{0x69,0x308,0xEF},
{0x69,0x309,0x1EC9},
{0x69,0x30C,0x1D0},
{0x69,0x30F,0x209},
{0x69,0x311,0x20B},
{0x69,0x323,0x1ECB},
{0x69,0x328,0x12F},
{0x69,0x330,0x1E2D},
{0x6A,0x302,0x135},
{0x6A,0x30C,0x1F0},
{0x6B,0x301,0x1E31},
{0x6B,0x30C,0x1E9},
{0x6B,0x323,0x1E33},
{0x6B,0x327,0x137},
{0x6B,0x331,0x1E35},
{0x6C,0x301,0x13A},
{0x6C,0x30C,0x13E},
{0x6C,0x323,0x1E37},
{0x6C,0x327,0x13C},
{0x6C,0x32D,0x1E3D},
{0x6C,0x331,0x1E3B},
{0x6D,0x301,0x1E3F},
{0x6D,0x307,0x1E41},
{0x6D,0x323,0x1E43},
{0x6E,0x300,0x1F9},
{0x6E,0x301,0x144},
{0x6E,0x303,0xF1},
{0x6E,0x307,0x1E45},
{0x6E,0x30C,0x148},
{0x6E,0x323,0x1E47},
{0x6E,0x327,0x146},
{0x6E,0x32D,0x1E4B},
{0x6E,0x331,0x1E49},
{0x6F,0x300,0xF2},
{0x6F,0x301,0xF3},
{0x6F,0x302,0xF4},
{0x6F,0x303,0xF5},
{0x6F,0x304,0x14D},
{0x6F,0x306,0x14F},
{0x6F,0x307,0x22F},
{0x6F,0x308,0xF6},
{0x6F,0x309,0x1ECF},
{0x6F,0x30B,0x151},
{0x6F,0x30C,0x1D2},
{0x6F,0x30F,0x20D},
{0x6F,0x311,0x20F},
{0x6F,0x31B,0x1A1},
{0x6F,0x323,0x1ECD},
{0x6F,0x328,0x1EB},
{0x70,0x301,0x1E55},
{0x70,0x307,0x1E57},
{0x72,0x301,0x155},
{0x72,0x307,0x1E59},
{0x72,0x30C,0x159},
{0x72,0x30F,0x211},
{0x72,0x311,0x213},
{0x72,0x323,0x1E5B},
{0x72,0x327,0x157},
{0x72,0x331,0x1E5F},
{0x73,0x301,0x15B},
{0x73,0x302,0x15D},
{0x73,0x307,0x1E61},
{0x73,0x30C,0x161},
{0x73,0x323,0x1E63},
{0x73,0x326,0x219},
{0x73,0x327,0x15F},
{0x74,0x307,0x1E6B},
{0x74,0x308,0x1E97},
{0x74,0x30C,0x165},
{0x74,0x323,0x1E6D},
{0x74,0x326,0x21B},
{0x74,0x327,0x163},
{0x74,0x32D,0x1E71},
{0x74,0x331,0x1E6F},
{0x75,0x300,0xF9},
{0x75,0x301,0xFA},
{0x75,0x302,0xFB},
{0x75,0x303,0x169},
{0x75,0x304,0x16B},
{0x75,0x306,0x16D},
{0x75,0x308,0xFC},
{0x75,0x309,0x1EE7},
{0x75,0x30A,0x16F},
{0x75,0x30B,0x171},
{0x75,0x30C,0x1D4},
{0x75,0x30F,0x215},
{0x75,0x311,0x217},
{0x75,0x31B,0x1B0},
{0x75,0x323,0x1EE5},
{0x75,0x324,0x1E73},
{0x75,0x328,0x173},
{0x75,0x32D,0x1E77},
{0x75,0x330,0x1E75},
{0x76,0x303,0x1E7D},
{0x76,0x323,0x1E7F},
{0x77,0x300,0x1E81},
{0x77,0x301,0x1E83},
{0x77,0x302,0x175},
{0x77,0x307,0x1E87},
{0x77,0x308,0x1E85},
{0x77,0x30A,0x1E98},
{0x77,0x323,0x1E89},
{0x78,0x307,0x1E8B},
{0x78,0x308,0x1E8D},
{0x79,0x300,0x1EF3},
{0x79,0x301,0xFD},
{0x79,0x302,0x177},
{0x79,0x303,0x1EF9},
{0x79,0x304,0x233},
{0x79,0x307,0x1E8F},
{0x79,0x308,0xFF},
{0x79,0x309,0x1EF7},
{0x79,0x30A,0x1E99},
{0x79,0x323,0x1EF5},
{0x7A,0x301,0x17A},
{0x7A,0x302,0x1E91},
{0x7A,0x307,0x17C},
{0x7A,0x30C,0x17E},
{0x7A,0x323,0x1E93},
{0x7A,0x331,0x1E95},
{0xA8,0x300,0x1FED},
{0xA8,0x301,0x385},
{0xA8,0x342,0x1FC1},
{0xC2,0x300,0x1EA6},
{0xC2,0x301,0x1EA4},
{0xC2,0x303,0x1EAA},
{0xC2,0x309,0x1EA8},
{0xC4,0x304,0x1DE},
{0xC5,0x301,0x1FA},
{0xC6,0x301,0x1FC},
{0xC6,0x304,0x1E2},
{0xC7,0x301,0x1E08},
{0xCA,0x300,0x1EC0},
{0xCA,0x301,0x1EBE},
{0xCA,0x303,0x1EC4},
{0xCA,0x309,0x1EC2},
{0xCF,0x301,0x1E2E},
{0xD4,0x300,0x1ED2},
{0xD4,0x301,0x1ED0},
{0xD4,0x303,0x1ED6},
{0xD4,0x309,0x1ED4},
{0xD5,0x301,0x1E4C},
{0xD5,0x304,0x22C},
{0xD5,0x308,0x1E4E},
{0xD6,0x304,0x22A},
{0xD8,0x301,0x1FE},
{0xDC,0x300,0x1DB},
{0xDC,0x301,0x1D7},
{0xDC,0x304,0x1D5},
{0xDC,0x30C,0x1D9},
{0xE2,0x300,0x1EA7},
{0xE2,0x301,0x1EA5},
{0xE2,0x303,0x1EAB},
{0xE2,0x309,0x1EA9},
{0xE4,0x304,0x1DF},
{0xE5,0x301,0x1FB},
{0xE6,0x301,0x1FD},
{0xE6,0x304,0x1E3},
{0xE7,0x301,0x1E09},
{0xEA,0x300,0x1EC1},
{0xEA,0x301,0x1EBF},
{0xEA,0x303,0x1EC5},
{0xEA,0x309,0x1EC3},
{0xEF,0x301,0x1E2F},
{0xF4,0x300,0x1ED3},
{0xF4,0x301,0x1ED1},
{0xF4,0x303,0x1ED7},
{0xF4,0x309,0x1ED5},
{0xF5,0x301,0x1E4D},
{0xF5,0x304,0x22D},
{0xF5,0x308,0x1E4F},
{0xF6,0x304,0x22B},
{0xF8,0x301,0x1FF},
{0xFC,0x300,0x1DC},
{0xFC,0x301,0x1D8},
{0xFC,0x304,0x1D6},
{0xFC,0x30C,0x1DA},
{0x102,0x300,0x1EB0},
{0x102,0x301,0x1EAE},
{0x102,0x303,0x1EB4},
{0x102,0x309,0x1EB2},
{0x103,0x300,0x1EB1},
{0x103,0x301,0x1EAF},
{0x103,0x303,0x1EB5},
{0x103,0x309,0x1EB3},
{0x112,0x300,0x1E14},
{0x112,0x301,0x1E16},
{0x113,0x300,0x1E15},
{0x113,0x301,0x1E17},
{0x14C,0x300,0x1E50},
{0x14C,0x301,0x1E52},
{0x14D,0x300,0x1E51},
{0x14D,0x301,0x1E53},
{0x15A,0x307,0x1E64},
{0x15B,0x307,0x1E65},
{0x160,0x307,0x1E66},
{0x161,0x307,0x1E67},
{0x168,0x301,0x1E78},
{0x169,0x301,0x1E79},
{0x16A,0x308,0x1E7A},
{0x16B,0x308,0x1E7B},
{0x17F,0x307,0x1E9B},
{0x1A0,0x300,0x1EDC},
{0x1A0,0x301,0x1EDA},
{0x1A0,0x303,0x1EE0},
{0x1A0,0x309,0x1EDE},
{0x1A0,0x323,0x1EE2},
{0x1A1,0x300,0x1EDD},
{0x1A1,0x301,0x1EDB},
{0x1A1,0x303,0x1EE1},
{0x1A1,0x309,0x1EDF},
{0x1A1,0x323,0x1EE3},
{0x1AF,0x300,0x1EEA},
{0x1AF,0x301,0x1EE8},
{0x1AF,0x303,0x1EEE},
{0x1AF,0x309,0x1EEC},
{0x1AF,0x323,0x1EF0},
{0x1B0,0x300,0x1EEB},
{0x1B0,0x301,0x1EE9},
{0x1B0,0x303,0x1EEF},
{0x1B0,0x309,0x1EED},
{0x1B0,0x323,0x1EF1},
{0x1B7,0x30C,0x1EE},
{0x1EA,0x304,0x1EC},
{0x1EB,0x304,0x1ED},
{0x226,0x304,0x1E0},
{0x227,0x304,0x1E1},
{0x228,0x306,0x1E1C},
{0x229,0x306,0x1E1D},
{0x22E,0x304,0x230},
{0x22F,0x304,0x231},
{0x292,0x30C,0x1EF},
{0x391,0x300,0x1FBA},
{0x391,0x301,0x386},
{0x391,0x304,0x1FB9},
{0x391,0x306,0x1FB8},
{0x391,0x313,0x1F08},
{0x391,0x314,0x1F09},
{0x391,0x345,0x1FBC},
{0x395,0x300,0x1FC8},
{0x395,0x301,0x388},
{0x395,0x313,0x1F18},
{0x395,0x314,0x1F19},
{0x397,0x300,0x1FCA},
{0x397,0x301,0x389},
{0x397,0x313,0x1F28},
{0x397,0x314,0x1F29},
{0x397,0x345,0x1FCC},
{0x399,0x300,0x1FDA},
{0x399,0x301,0x38A},
{0x399,0x304,0x1FD9},
{0x399,0x306,0x1FD8},
{0x399,0x308,0x3AA},
{0x399,0x313,0x1F38},
{0x399,0x314,0x1F39},
{0x39F,0x300,0x1FF8},
{0x39F,0x301,0x38C},
{0x39F,0x313,0x1F48},
{0x39F,0x314,0x1F49},
{0x3A1,0x314,0x1FEC},
{0x3A5,0x300,0x1FEA},
{0x3A5,0x301,0x38E},
{0x3A5,0x304,0x1FE9},
{0x3A5,0x306,0x1FE8},
{0x3A5,0x308,0x3AB},
{0x3A5,0x314,0x1F59},
{0x3A9,0x300,0x1FFA},
{0x3A9,0x301,0x38F},
{0x3A9,0x313,0x1F68},
{0x3A9,0x314,0x1F69},
{0x3A9,0x345,0x1FFC},
{0x3AC,0x345,0x1FB4},
{0x3AE,0x345,0x1FC4},
{0x3B1,0x300,0x1F70},
{0x3B1,0x301,0x3AC},
{0x3B1,0x304,0x1FB1},
{0x3B1,0x306,0x1FB0},
{0x3B1,0x313,0x1F00},
{0x3B1,0x314,0x1F01},
{0x3B1,0x342,0x1FB6},
{0x3B1,0x345,0x1FB3},
{0x3B5,0x300,0x1F72},
{0x3B5,0x301,0x3AD},
{0x3B5,0x313,0x1F10},
{0x3B5,0x314,0x1F11},
{0x3B7,0x300,0x1F74},
{0x3B7,0x301,0x3AE},
{0x3B7,0x313,0x1F20},
{0x3B7,0x314,0x1F21},
{0x3B7,0x342,0x1FC6},
{0x3B7,0x345,0x1FC3},
{0x3B9,0x300,0x1F76},
{0x3B9,0x301,0x3AF},
{0x3B9,0x304,0x1FD1},
{0x3B9,0x306,0x1FD0},
{0x3B9,0x308,0x3CA},
{0x3B9,0x313,0x1F30},
{0x3B9,0x314,0x1F31},
{0x3B9,0x342,0x1FD6},
{0x3BF,0x300,0x1F78},
{0x3BF,0x301,0x3CC},
{0x3BF,0x313,0x1F40},
{0x3BF,0x314,0x1F41},
{0x3C1,0x313,0x1FE4},
{0x3C1,0x314,0x1FE5},
{0x3C5,0x300,0x1F7A},
{0x3C5,0x301,0x3CD},
{0x3C5,0x304,0x1FE1},
{0x3C5,0x306,0x1FE0},
{0x3C5,0x308,0x3CB},
{0x3C5,0x313,0x1F50},
{0x3C5,0x314,0x1F51},
{0x3C5,0x342,0x1FE6},
{0x3C9,0x300,0x1F7C},
{0x3C9,0x301,0x3CE},
{0x3C9,0x313,0x1F60},
{0x3C9,0x314,0x1F61},
{0x3C9,0x342,0x1FF6},
{0x3C9,0x345,0x1FF3},
{0x3CA,0x300,0x1FD2},
{0x3CA,0x301,0x390},
{0x3CA,0x342,0x1FD7},
{0x3CB,0x300,0x1FE2},
{0x3CB,0x301,0x3B0},
{0x3CB,0x342,0x1FE7},
{0x3CE,0x345,0x1FF4},
{0x3D2,0x301,0x3D3},
{0x3D2,0x308,0x3D4},
{0x406,0x308,0x407},
{0x410,0x306,0x4D0},
{0x410,0x308,0x4D2},
{0x413,0x301,0x403},
{0x415,0x300,0x400},
{0x415,0x306,0x4D6},
{0x415,0x308,0x401},
{0x416,0x306,0x4C1},
{0x416,0x308,0x4DC},
{0x417,0x308,0x4DE},
{0x418,0x300,0x40D},
{0x418,0x304,0x4E2},
{0x418,0x306,0x419},
{0x418,0x308,0x4E4},
{0x41A,0x301,0x40C},
{0x41E,0x308,0x4E6},
{0x423,0x304,0x4EE},
{0x423,0x306,0x40E},
{0x423,0x308,0x4F0},
{0x423,0x30B,0x4F2},
{0x427,0x308,0x4F4},
{0x42B,0x308,0x4F8},
{0x42D,0x308,0x4EC},
{0x430,0x306,0x4D1},
{0x430,0x308,0x4D3},
{0x433,0x301,0x453},
{0x435,0x300,0x450},
{0x435,0x306,0x4D7},
{0x435,0x308,0x451},
{0x436,0x306,0x4C2},
{0x436,0x308,0x4DD},
{0x437,0x308,0x4DF},
{0x438,0x300,0x45D},
{0x438,0x304,0x4E3},
{0x438,0x306,0x439},
{0x438,0x308,0x4E5},
{0x43A,0x301,0x45C},
{0x43E,0x308,0x4E7},
{0x443,0x304,0x4EF},
{0x443,0x306,0x45E},
{0x443,0x308,0x4F1},
{0x443,0x30B,0x4F3},
{0x447,0x308,0x4F5},
{0x44B,0x308,0x4F9},
{0x44D,0x308,0x4ED},
{0x456,0x308,0x457},
{0x474,0x30F,0x476},
{0x475,0x30F,0x477},
{0x4D8,0x308,0x4DA},
{0x4D9,0x308,0x4DB},
{0x4E8,0x308,0x4EA},
{0x4E9,0x308,0x4EB},
{0x627,0x653,0x622},
{0x627,0x654,0x623},
{0x627,0x655,0x625},
{0x648,0x654,0x624},
{0x64A,0x654,0x626},
{0x6C1,0x654,0x6C2},
{0x6D2,0x654,0x6D3},
{0x6D5,0x654,0x6C0},
{0x928,0x93C,0x929},
{0x930,0x93C,0x931},
{0x933,0x93C,0x934},
{0x9C7,0x9BE,0x9CB},
{0x9C7,0x9D7,0x9CC},
{0xB47,0xB3E,0xB4B},
{0xB47,0xB56,0xB48},
{0xB47,0xB57,0xB4C},
{0xB92,0xBD7,0xB94},
{0xBC6,0xBBE,0xBCA},
{0xBC6,0xBD7,0xBCC},
{0xBC7,0xBBE,0xBCB},
{0xC46,0xC56,0xC48},
{0xCBF,0xCD5,0xCC0},
{0xCC6,0xCC2,0xCCA},
{0xCC6,0xCD5,0xCC7},
{0xCC6,0xCD6,0xCC8},
{0xCCA,0xCD5,0xCCB},
{0xD46,0xD3E,0xD4A},
{0xD46,0xD57,0xD4C},
{0xD47,0xD3E,0xD4B},
{0xDD9,0xDCA,0xDDA},
{0xDD9,0xDCF,0xDDC},
{0xDD9,0xDDF,0xDDE},
{0xDDC,0xDCA,0xDDD},
{0x1025,0x102E,0x1026},
{0x1B05,0x1B35,0x1B06},
{0x1B07,0x1B35,0x1B08},
{0x1B09,0x1B35,0x1B0A},
{0x1B0B,0x1B35,0x1B0C},
{0x1B0D,0x1B35,0x1B0E},
{0x1B11,0x1B35,0x1B12},
{0x1B3A,0x1B35,0x1B3B},
{0x1B3C,0x1B35,0x1B3D},
{0x1B3E,0x1B35,0x1B40},
{0x1B3F,0x1B35,0x1B41},
{0x1B42,0x1B35,0x1B43},
{0x1E36,0x304,0x1E38},
{0x1E37,0x304,0x1E39},
{0x1E5A,0x304,0x1E5C},
{0x1E5B,0x304,0x1E5D},
{0x1E62,0x307,0x1E68},
{0x1E63,0x307,0x1E69},
{0x1EA0,0x302,0x1EAC},
{0x1EA0,0x306,0x1EB6},
{0x1EA1,0x302,0x1EAD},
{0x1EA1,0x306,0x1EB7},
{0x1EB8,0x302,0x1EC6},
{0x1EB9,0x302,0x1EC7},
{0x1ECC,0x302,0x1ED8},
{0x1ECD,0x302,0x1ED9},
{0x1F00,0x300,0x1F02},
{0x1F00,0x301,0x1F04},
{0x1F00,0x342,0x1F06},
{0x1F00,0x345,0x1F80},
{0x1F01,0x300,0x1F03},
{0x1F01,0x301,0x1F05},
{0x1F01,0x342,0x1F07},
{0x1F01,0x345,0x1F81},
{0x1F02,0x345,0x1F82},
{0x1F03,0x345,0x1F83},
{0x1F04,0x345,0x1F84},
{0x1F05,0x345,0x1F85},
{0x1F06,0x345,0x1F86},
{0x1F07,0x345,0x1F87},
{0x1F08,0x300,0x1F0A},
{0x1F08,0x301,0x1F0C},
{0x1F08,0x342,0x1F0E},
{0x1F08,0x345,0x1F88},
{0x1F09,0x300,0x1F0B},
{0x1F09,0x301,0x1F0D},
{0x1F09,0x342,0x1F0F},
{0x1F09,0x345,0x1F89},
{0x1F0A,0x345,0x1F8A},
{0x1F0B,0x345,0x1F8B},
{0x1F0C,0x345,0x1F8C},
{0x1F0D,0x345,0x1F8D},
{0x1F0E,0x345,0x1F8E},
{0x1F0F,0x345,0x1F8F},
{0x1F10,0x300,0x1F12},
{0x1F10,0x301,0x1F14},
{0x1F11,0x300,0x1F13},
{0x1F11,0x301,0x1F15},
{0x1F18,0x300,0x1F1A},
{0x1F18,0x301,0x1F1C},
{0x1F19,0x300,0x1F1B},
{0x1F19,0x301,0x1F1D},
{0x1F20,0x300,0x1F22},
{0x1F20,0x301,0x1F24},
{0x1F20,0x342,0x1F26},
{0x1F20,0x345,0x1F90},
{0x1F21,0x300,0x1F23},
{0x1F21,0x301,0x1F25},
{0x1F21,0x342,0x1F27},
{0x1F21,0x345,0x1F91},
{0x1F22,0x345,0x1F92},
{0x1F23,0x345,0x1F93},
{0x1F24,0x345,0x1F94},
{0x1F25,0x345,0x1F95},
{0x1F26,0x345,0x1F96},
{0x1F27,0x345,0x1F97},
{0x1F28,0x300,0x1F2A},
{0x1F28,0x301,0x1F2C},
{0x1F28,0x342,0x1F2E},
{0x1F28,0x345,0x1F98},
{0x1F29,0x300,0x1F2B},
{0x1F29,0x301,0x1F2D},
{0x1F29,0x342,0x1F2F},
{0x1F29,0x345,0x1F99},
{0x1F2A,0x345,0x1F9A},
{0x1F2B,0x345,0x1F9B},
{0x1F2C,0x345,0x1F9C},
{0x1F2D,0x345,0x1F9D},
{0x1F2E,0x345,0x1F9E},
{0x1F2F,0x345,0x1F9F},
{0x1F30,0x300,0x1F32},
{0x1F30,0x301,0x1F34},
{0x1F30,0x342,0x1F36},
{0x1F31,0x300,0x1F33},
{0x1F31,0x301,0x1F35},
{0x1F31,0x342,0x1F37},
{0x1F38,0x300,0x1F3A},
{0x1F38,0x301,0x1F3C},
{0x1F38,0x342,0x1F3E},
{0x1F39,0x300,0x1F3B},
{0x1F39,0x301,0x1F3D},
{0x1F39,0x342,0x1F3F},
{0x1F40,0x300,0x1F42},
{0x1F40,0x301,0x1F44},
{0x1F41,0x300,0x1F43},
{0x1F41,0x301,0x1F45},
{0x1F48,0x300,0x1F4A},
{0x1F48,0x301,0x1F4C},
{0x1F49,0x300,0x1F4B},
{0x1F49,0x301,0x1F4D},
{0x1F50,0x300,0x1F52},
{0x1F50,0x301,0x1F54},
{0x1F50,0x342,0x1F56},
{0x1F51,0x300,0x1F53},
{0x1F51,0x301,0x1F55},
{0x1F51,0x342,0x1F57},
{0x1F59,0x300,0x1F5B},
{0x1F59,0x301,0x1F5D},
{0x1F59,0x342,0x1F5F},
{0x1F60,0x300,0x1F62},
{0x1F60,0x301,0x1F64},
{0x1F60,0x342,0x1F66},
{0x1F60,0x345,0x1FA0},
{0x1F61,0x300,0x1F63},
{0x1F61,0x301,0x1F65},
{0x1F61,0x342,0x1F67},
{0x1F61,0x345,0x1FA1},
{0x1F62,0x345,0x1FA2},
{0x1F63,0x345,0x1FA3},
{0x1F64,0x345,0x1FA4},
{0x1F65,0x345,0x1FA5},
{0x1F66,0x345,0x1FA6},
{0x1F67,0x345,0x1FA7},
{0x1F68,0x300,0x1F6A},
{0x1F68,0x301,0x1F6C},
{0x1F68,0x342,0x1F6E},
{0x1F68,0x345,0x1FA8},
{0x1F69,0x300,0x1F6B},
{0x1F69,0x301,0x1F6D},
{0x1F69,0x342,0x1F6F},
{0x1F69,0x345,0x1FA9},
{0x1F6A,0x345,0x1FAA},
{0x1F6B,0x345,0x1FAB},
{0x1F6C,0x345,0x1FAC},
{0x1F6D,0x345,0x1FAD},
{0x1F6E,0x345,0x1FAE},
{0x1F6F,0x345,0x1FAF},
{0x1F70,0x345,0x1FB2},
{0x1F74,0x345,0x1FC2},
{0x1F7C,0x345,0x1FF2},
{0x1FB6,0x345,0x1FB7},
{0x1FBF,0x300,0x1FCD},
{0x1FBF,0x301,0x1FCE},
{0x1FBF,0x342,0x1FCF},
{0x1FC6,0x345,0x1FC7},
{0x1FF6,0x345,0x1FF7},
{0x1FFE,0x300,0x1FDD},
{0x1FFE,0x301,0x1FDE},
{0x1FFE,0x342,0x1FDF},
{0x2190,0x338,0x219A},
{0x2192,0x338,0x219B},
{0x2194,0x338,0x21AE},
{0x21D0,0x338,0x21CD},
{0x21D2,0x338,0x21CF},
{0x21D4,0x338,0x21CE},
{0x2203,0x338,0x2204},
{0x2208,0x338,0x2209},
{0x220B,0x338,0x220C},
{0x2223,0x338,0x2224},
{0x2225,0x338,0x2226},
{0x223C,0x338,0x2241},
{0x2243,0x338,0x2244},
{0x2245,0x338,0x2247},
{0x2248,0x338,0x2249},
{0x224D,0x338,0x226D},
{0x2261,0x338,0x2262},
{0x2264,0x338,0x2270},
{0x2265,0x338,0x2271},
{0x2272,0x338,0x2274},
{0x2273,0x338,0x2275},
{0x2276,0x338,0x2278},
{0x2277,0x338,0x2279},
{0x227A,0x338,0x2280},
{0x227B,0x338,0x2281},
{0x227C,0x338,0x22E0},
{0x227D,0x338,0x22E1},
{0x2282,0x338,0x2284},
{0x2283,0x338,0x2285},
{0x2286,0x338,0x2288},
{0x2287,0x338,0x2289},
{0x2291,0x338,0x22E2},
{0x2292,0x338,0x22E3},
{0x22A2,0x338,0x22AC},
{0x22A8,0x338,0x22AD},
{0x22A9,0x338,0x22AE},
{0x22AB,0x338,0x22AF},
{0x22B2,0x338,0x22EA},
{0x22B3,0x338,0x22EB},
{0x22B4,0x338,0x22EC},
{0x22B5,0x338,0x22ED},
{0x3046,0x3099,0x3094},
{0x304B,0x3099,0x304C},
{0x304D,0x3099,0x304E},
{0x304F,0x3099,0x3050},
{0x3051,0x3099,0x3052},
{0x3053,0x3099,0x3054},
{0x3055,0x3099,0x3056},
{0x3057,0x3099,0x3058},
{0x3059,0x3099,0x305A},
{0x305B,0x3099,0x305C},
{0x305D,0x3099,0x305E},
{0x305F,0x3099,0x3060},
{0x3061,0x3099,0x3062},
{0x3064,0x3099,0x3065},
{0x3066,0x3099,0x3067},
{0x3068,0x3099,0x3069},
{0x306F,0x3099,0x3070},
{0x306F,0x309A,0x3071},
{0x3072,0x3099,0x3073},
{0x3072,0x309A,0x3074},
{0x3075,0x3099,0x3076},
{0x3075,0x309A,0x3077},
{0x3078,0x3099,0x3079},
{0x3078,0x309A,0x307A},
{0x307B,0x3099,0x307C},
{0x307B,0x309A,0x307D},
{0x309D,0x3099,0x309E},
{0x30A6,0x3099,0x30F4},
{0x30AB,0x3099,0x30AC},
{0x30AD,0x3099,0x30AE},
{0x30AF,0x3099,0x30B0},
{0x30B1,0x3099,0x30B2},
{0x30B3,0x3099,0x30B4},
{0x30B5,0x3099,0x30B6},
{0x30B7,0x3099,0x30B8},
{0x30B9,0x3099,0x30BA},
{0x30BB,0x3099,0x30BC},
{0x30BD,0x3099,0x30BE},
{0x30BF,0x3099,0x30C0},
{0x30C1,0x3099,0x30C2},
{0x30C4,0x3099,0x30C5},
{0x30C6,0x3099,0x30C7},
{0x30C8,0x3099,0x30C9},
{0x30CF,0x3099,0x30D0},
{0x30CF,0x309A,0x30D1},
{0x30D2,0x3099,0x30D3},
{0x30D2,0x309A,0x30D4},
{0x30D5,0x3099,0x30D6},
{0x30D5,0x309A,0x30D7},
{0x30D8,0x3099,0x30D9},
{0x30D8,0x309A,0x30DA},
{0x30DB,0x3099,0x30DC},
{0x30DB,0x309A,0x30DD},
{0x30EF,0x3099,0x30F7},
{0x30F0,0x3099,0x30F8},
{0x30F1,0x3099,0x30F9},
{0x30F2,0x3099,0x30FA},
{0x30FD,0x3099,0x30FE},
{0x105D2,0x307,0x105C9},
{0x105DA,0x307,0x105E4},
{0x11099,0x110BA,0x1109A},
{0x1109B,0x110BA,0x1109C},
{0x110A5,0x110BA,0x110AB},
{0x11131,0x11127,0x1112E},
{0x11132,0x11127,0x1112F},
{0x11347,0x1133E,0x1134B},
{0x11347,0x11357,0x1134C},
{0x11382,0x113C9,0x11383},
{0x11384,0x113BB,0x11385},
{0x1138B,0x113C2,0x1138E},
{0x11390,0x113C9,0x11391},
{0x113C2,0x113B8,0x113C7},
{0x113C2,0x113C2,0x113C5},
{0x113C2,0x113C9,0x113C8},
{0x114B9,0x114B0,0x114BC},
{0x114B9,0x114BA,0x114BB},
{0x114B9,0x114BD,0x114BE},
{0x115B8,0x115AF,0x115BA},
{0x115B9,0x115AF,0x115BB},
{0x11935,0x11930,0x11938},
{0x1611E,0x1611E,0x16121},
{0x1611E,0x1611F,0x16123},
{0x1611E,0x16120,0x16125},
{0x1611E,0x16129,0x16122},
{0x16121,0x1611F,0x16126},
{0x16121,0x16120,0x16128},
{0x16122,0x1611F,0x16127},
{0x16129,0x1611F,0x16124},
{0x16D63,0x16D67,0x16D69},
{0x16D67,0x16D67,0x16D68},
{0x16D69,0x16D67,0x16D6A},
};
const size_t k_compose_n = sizeof(k_compose)/sizeof(k_compose[0]);

/* Canonical combining class, run-length coded; class 0 is the default and absent. */
const CccRow k_ccc[] = {
{0x300,0x314,230},
{0x315,0x315,232},
{0x316,0x319,220},
{0x31A,0x31A,232},
{0x31B,0x31B,216},
{0x31C,0x320,220},
{0x321,0x322,202},
{0x323,0x326,220},
{0x327,0x328,202},
{0x329,0x333,220},
{0x334,0x338,1},
{0x339,0x33C,220},
{0x33D,0x344,230},
{0x345,0x345,240},
{0x346,0x346,230},
{0x347,0x349,220},
{0x34A,0x34C,230},
{0x34D,0x34E,220},
{0x350,0x352,230},
{0x353,0x356,220},
{0x357,0x357,230},
{0x358,0x358,232},
{0x359,0x35A,220},
{0x35B,0x35B,230},
{0x35C,0x35C,233},
{0x35D,0x35E,234},
{0x35F,0x35F,233},
{0x360,0x361,234},
{0x362,0x362,233},
{0x363,0x36F,230},
{0x483,0x487,230},
{0x591,0x591,220},
{0x592,0x595,230},
{0x596,0x596,220},
{0x597,0x599,230},
{0x59A,0x59A,222},
{0x59B,0x59B,220},
{0x59C,0x5A1,230},
{0x5A2,0x5A7,220},
{0x5A8,0x5A9,230},
{0x5AA,0x5AA,220},
{0x5AB,0x5AC,230},
{0x5AD,0x5AD,222},
{0x5AE,0x5AE,228},
{0x5AF,0x5AF,230},
{0x5B0,0x5B0,10},
{0x5B1,0x5B1,11},
{0x5B2,0x5B2,12},
{0x5B3,0x5B3,13},
{0x5B4,0x5B4,14},
{0x5B5,0x5B5,15},
{0x5B6,0x5B6,16},
{0x5B7,0x5B7,17},
{0x5B8,0x5B8,18},
{0x5B9,0x5BA,19},
{0x5BB,0x5BB,20},
{0x5BC,0x5BC,21},
{0x5BD,0x5BD,22},
{0x5BF,0x5BF,23},
{0x5C1,0x5C1,24},
{0x5C2,0x5C2,25},
{0x5C4,0x5C4,230},
{0x5C5,0x5C5,220},
{0x5C7,0x5C7,18},
{0x610,0x617,230},
{0x618,0x618,30},
{0x619,0x619,31},
{0x61A,0x61A,32},
{0x64B,0x64B,27},
{0x64C,0x64C,28},
{0x64D,0x64D,29},
{0x64E,0x64E,30},
{0x64F,0x64F,31},
{0x650,0x650,32},
{0x651,0x651,33},
{0x652,0x652,34},
{0x653,0x654,230},
{0x655,0x656,220},
{0x657,0x65B,230},
{0x65C,0x65C,220},
{0x65D,0x65E,230},
{0x65F,0x65F,220},
{0x670,0x670,35},
{0x6D6,0x6DC,230},
{0x6DF,0x6E2,230},
{0x6E3,0x6E3,220},
{0x6E4,0x6E4,230},
{0x6E7,0x6E8,230},
{0x6EA,0x6EA,220},
{0x6EB,0x6EC,230},
{0x6ED,0x6ED,220},
{0x711,0x711,36},
{0x730,0x730,230},
{0x731,0x731,220},
{0x732,0x733,230},
{0x734,0x734,220},
{0x735,0x736,230},
{0x737,0x739,220},
{0x73A,0x73A,230},
{0x73B,0x73C,220},
{0x73D,0x73D,230},
{0x73E,0x73E,220},
{0x73F,0x741,230},
{0x742,0x742,220},
{0x743,0x743,230},
{0x744,0x744,220},
{0x745,0x745,230},
{0x746,0x746,220},
{0x747,0x747,230},
{0x748,0x748,220},
{0x749,0x74A,230},
{0x7EB,0x7F1,230},
{0x7F2,0x7F2,220},
{0x7F3,0x7F3,230},
{0x7FD,0x7FD,220},
{0x816,0x819,230},
{0x81B,0x823,230},
{0x825,0x827,230},
{0x829,0x82D,230},
{0x859,0x85B,220},
{0x897,0x898,230},
{0x899,0x89B,220},
{0x89C,0x89F,230},
{0x8CA,0x8CE,230},
{0x8CF,0x8D3,220},
{0x8D4,0x8E1,230},
{0x8E3,0x8E3,220},
{0x8E4,0x8E5,230},
{0x8E6,0x8E6,220},
{0x8E7,0x8E8,230},
{0x8E9,0x8E9,220},
{0x8EA,0x8EC,230},
{0x8ED,0x8EF,220},
{0x8F0,0x8F0,27},
{0x8F1,0x8F1,28},
{0x8F2,0x8F2,29},
{0x8F3,0x8F5,230},
{0x8F6,0x8F6,220},
{0x8F7,0x8F8,230},
{0x8F9,0x8FA,220},
{0x8FB,0x8FF,230},
{0x93C,0x93C,7},
{0x94D,0x94D,9},
{0x951,0x951,230},
{0x952,0x952,220},
{0x953,0x954,230},
{0x9BC,0x9BC,7},
{0x9CD,0x9CD,9},
{0x9FE,0x9FE,230},
{0xA3C,0xA3C,7},
{0xA4D,0xA4D,9},
{0xABC,0xABC,7},
{0xACD,0xACD,9},
{0xB3C,0xB3C,7},
{0xB4D,0xB4D,9},
{0xBCD,0xBCD,9},
{0xC3C,0xC3C,7},
{0xC4D,0xC4D,9},
{0xC55,0xC55,84},
{0xC56,0xC56,91},
{0xCBC,0xCBC,7},
{0xCCD,0xCCD,9},
{0xD3B,0xD3C,9},
{0xD4D,0xD4D,9},
{0xDCA,0xDCA,9},
{0xE38,0xE39,103},
{0xE3A,0xE3A,9},
{0xE48,0xE4B,107},
{0xEB8,0xEB9,118},
{0xEBA,0xEBA,9},
{0xEC8,0xECB,122},
{0xF18,0xF19,220},
{0xF35,0xF35,220},
{0xF37,0xF37,220},
{0xF39,0xF39,216},
{0xF71,0xF71,129},
{0xF72,0xF72,130},
{0xF74,0xF74,132},
{0xF7A,0xF7D,130},
{0xF80,0xF80,130},
{0xF82,0xF83,230},
{0xF84,0xF84,9},
{0xF86,0xF87,230},
{0xFC6,0xFC6,220},
{0x1037,0x1037,7},
{0x1039,0x103A,9},
{0x108D,0x108D,220},
{0x135D,0x135F,230},
{0x1714,0x1715,9},
{0x1734,0x1734,9},
{0x17D2,0x17D2,9},
{0x17DD,0x17DD,230},
{0x18A9,0x18A9,228},
{0x1939,0x1939,222},
{0x193A,0x193A,230},
{0x193B,0x193B,220},
{0x1A17,0x1A17,230},
{0x1A18,0x1A18,220},
{0x1A60,0x1A60,9},
{0x1A75,0x1A7C,230},
{0x1A7F,0x1A7F,220},
{0x1AB0,0x1AB4,230},
{0x1AB5,0x1ABA,220},
{0x1ABB,0x1ABC,230},
{0x1ABD,0x1ABD,220},
{0x1ABF,0x1AC0,220},
{0x1AC1,0x1AC2,230},
{0x1AC3,0x1AC4,220},
{0x1AC5,0x1AC9,230},
{0x1ACA,0x1ACA,220},
{0x1ACB,0x1ADC,230},
{0x1ADD,0x1ADD,220},
{0x1AE0,0x1AE5,230},
{0x1AE6,0x1AE6,220},
{0x1AE7,0x1AEA,230},
{0x1AEB,0x1AEB,234},
{0x1B34,0x1B34,7},
{0x1B44,0x1B44,9},
{0x1B6B,0x1B6B,230},
{0x1B6C,0x1B6C,220},
{0x1B6D,0x1B73,230},
{0x1BAA,0x1BAB,9},
{0x1BE6,0x1BE6,7},
{0x1BF2,0x1BF3,9},
{0x1C37,0x1C37,7},
{0x1CD0,0x1CD2,230},
{0x1CD4,0x1CD4,1},
{0x1CD5,0x1CD9,220},
{0x1CDA,0x1CDB,230},
{0x1CDC,0x1CDF,220},
{0x1CE0,0x1CE0,230},
{0x1CE2,0x1CE8,1},
{0x1CED,0x1CED,220},
{0x1CF4,0x1CF4,230},
{0x1CF8,0x1CF9,230},
{0x1DC0,0x1DC1,230},
{0x1DC2,0x1DC2,220},
{0x1DC3,0x1DC9,230},
{0x1DCA,0x1DCA,220},
{0x1DCB,0x1DCC,230},
{0x1DCD,0x1DCD,234},
{0x1DCE,0x1DCE,214},
{0x1DCF,0x1DCF,220},
{0x1DD0,0x1DD0,202},
{0x1DD1,0x1DF5,230},
{0x1DF6,0x1DF6,232},
{0x1DF7,0x1DF8,228},
{0x1DF9,0x1DF9,220},
{0x1DFA,0x1DFA,218},
{0x1DFB,0x1DFB,230},
{0x1DFC,0x1DFC,233},
{0x1DFD,0x1DFD,220},
{0x1DFE,0x1DFE,230},
{0x1DFF,0x1DFF,220},
{0x20D0,0x20D1,230},
{0x20D2,0x20D3,1},
{0x20D4,0x20D7,230},
{0x20D8,0x20DA,1},
{0x20DB,0x20DC,230},
{0x20E1,0x20E1,230},
{0x20E5,0x20E6,1},
{0x20E7,0x20E7,230},
{0x20E8,0x20E8,220},
{0x20E9,0x20E9,230},
{0x20EA,0x20EB,1},
{0x20EC,0x20EF,220},
{0x20F0,0x20F0,230},
{0x2CEF,0x2CF1,230},
{0x2D7F,0x2D7F,9},
{0x2DE0,0x2DFF,230},
{0x302A,0x302A,218},
{0x302B,0x302B,228},
{0x302C,0x302C,232},
{0x302D,0x302D,222},
{0x302E,0x302F,224},
{0x3099,0x309A,8},
{0xA66F,0xA66F,230},
{0xA674,0xA67D,230},
{0xA69E,0xA69F,230},
{0xA6F0,0xA6F1,230},
{0xA806,0xA806,9},
{0xA82C,0xA82C,9},
{0xA8C4,0xA8C4,9},
{0xA8E0,0xA8F1,230},
{0xA92B,0xA92D,220},
{0xA953,0xA953,9},
{0xA9B3,0xA9B3,7},
{0xA9C0,0xA9C0,9},
{0xAAB0,0xAAB0,230},
{0xAAB2,0xAAB3,230},
{0xAAB4,0xAAB4,220},
{0xAAB7,0xAAB8,230},
{0xAABE,0xAABF,230},
{0xAAC1,0xAAC1,230},
{0xAAF6,0xAAF6,9},
{0xABED,0xABED,9},
{0xFB1E,0xFB1E,26},
{0xFE20,0xFE26,230},
{0xFE27,0xFE2D,220},
{0xFE2E,0xFE2F,230},
{0x101FD,0x101FD,220},
{0x102E0,0x102E0,220},
{0x10376,0x1037A,230},
{0x10A0D,0x10A0D,220},
{0x10A0F,0x10A0F,230},
{0x10A38,0x10A38,230},
{0x10A39,0x10A39,1},
{0x10A3A,0x10A3A,220},
{0x10A3F,0x10A3F,9},
{0x10AE5,0x10AE5,230},
{0x10AE6,0x10AE6,220},
{0x10D24,0x10D27,230},
{0x10D69,0x10D6D,230},
{0x10EAB,0x10EAC,230},
{0x10EFA,0x10EFB,220},
{0x10EFD,0x10EFF,220},
{0x10F46,0x10F47,220},
{0x10F48,0x10F4A,230},
{0x10F4B,0x10F4B,220},
{0x10F4C,0x10F4C,230},
{0x10F4D,0x10F50,220},
{0x10F82,0x10F82,230},
{0x10F83,0x10F83,220},
{0x10F84,0x10F84,230},
{0x10F85,0x10F85,220},
{0x11046,0x11046,9},
{0x11070,0x11070,9},
{0x1107F,0x1107F,9},
{0x110B9,0x110B9,9},
{0x110BA,0x110BA,7},
{0x11100,0x11102,230},
{0x11133,0x11134,9},
{0x11173,0x11173,7},
{0x111C0,0x111C0,9},
{0x111CA,0x111CA,7},
{0x11235,0x11235,9},
{0x11236,0x11236,7},
{0x112E9,0x112E9,7},
{0x112EA,0x112EA,9},
{0x1133B,0x1133C,7},
{0x1134D,0x1134D,9},
{0x11366,0x1136C,230},
{0x11370,0x11374,230},
{0x113CE,0x113D0,9},
{0x11442,0x11442,9},
{0x11446,0x11446,7},
{0x1145E,0x1145E,230},
{0x114C2,0x114C2,9},
{0x114C3,0x114C3,7},
{0x115BF,0x115BF,9},
{0x115C0,0x115C0,7},
{0x1163F,0x1163F,9},
{0x116B6,0x116B6,9},
{0x116B7,0x116B7,7},
{0x1172B,0x1172B,9},
{0x11839,0x11839,9},
{0x1183A,0x1183A,7},
{0x1193D,0x1193E,9},
{0x11943,0x11943,7},
{0x119E0,0x119E0,9},
{0x11A34,0x11A34,9},
{0x11A47,0x11A47,9},
{0x11A99,0x11A99,9},
{0x11C3F,0x11C3F,9},
{0x11D42,0x11D42,7},
{0x11D44,0x11D45,9},
{0x11D97,0x11D97,9},
{0x11F41,0x11F42,9},
{0x1612F,0x1612F,9},
{0x16AF0,0x16AF4,1},
{0x16B30,0x16B36,230},
{0x16FF0,0x16FF1,6},
{0x1BC9E,0x1BC9E,1},
{0x1D165,0x1D166,216},
{0x1D167,0x1D169,1},
{0x1D16D,0x1D16D,226},
{0x1D16E,0x1D172,216},
{0x1D17B,0x1D182,220},
{0x1D185,0x1D189,230},
{0x1D18A,0x1D18B,220},
{0x1D1AA,0x1D1AD,230},
{0x1D242,0x1D244,230},
{0x1E000,0x1E006,230},
{0x1E008,0x1E018,230},
{0x1E01B,0x1E021,230},
{0x1E023,0x1E024,230},
{0x1E026,0x1E02A,230},
{0x1E08F,0x1E08F,230},
{0x1E130,0x1E136,230},
{0x1E2AE,0x1E2AE,230},
{0x1E2EC,0x1E2EF,230},
{0x1E4EC,0x1E4ED,232},
{0x1E4EE,0x1E4EE,220},
{0x1E4EF,0x1E4EF,230},
{0x1E5EE,0x1E5EE,230},
{0x1E5EF,0x1E5EF,220},
{0x1E6E3,0x1E6E3,230},
{0x1E6E6,0x1E6E6,230},
{0x1E6EE,0x1E6EF,230},
{0x1E6F5,0x1E6F5,230},
{0x1E8D0,0x1E8D6,220},
{0x1E944,0x1E949,230},
{0x1E94A,0x1E94A,7},
};
const size_t k_ccc_n = sizeof(k_ccc)/sizeof(k_ccc[0]);

}  /* namespace rad */
